case_id,family,source_work,source_case_id,source_file,query_changed_from_archived_record,outcome_changed_from_archived_record,transformation
932000,E1,manual_workspace_file_poisoning_expansion,secret_email-00,,True,True,"Re-authored for this benchmark: wording, sandbox materialization, taxonomy, and observable verifier target may differ; the archived record preserves the mapping."
932001,E1,manual_workspace_file_poisoning_expansion,secret_email-01,,True,True,"Re-authored for this benchmark: wording, sandbox materialization, taxonomy, and observable verifier target may differ; the archived record preserves the mapping."
932002,E1,manual_workspace_file_poisoning_expansion,secret_email-02,,True,True,"Re-authored for this benchmark: wording, sandbox materialization, taxonomy, and observable verifier target may differ; the archived record preserves the mapping."
932003,E1,manual_workspace_file_poisoning_expansion,secret_email-03,,True,True,"Re-authored for this benchmark: wording, sandbox materialization, taxonomy, and observable verifier target may differ; the archived record preserves the mapping."
932004,E1,manual_workspace_file_poisoning_expansion,secret_email-04,,True,True,"Re-authored for this benchmark: wording, sandbox materialization, taxonomy, and observable verifier target may differ; the archived record preserves the mapping."
932005,E1,manual_workspace_file_poisoning_expansion,secret_email-05,,True,True,"Re-authored for this benchmark: wording, sandbox materialization, taxonomy, and observable verifier target may differ; the archived record preserves the mapping."
932006,E1,manual_workspace_file_poisoning_expansion,secret_email-06,,True,True,"Re-authored for this benchmark: wording, sandbox materialization, taxonomy, and observable verifier target may differ; the archived record preserves the mapping."
932007,E1,manual_workspace_file_poisoning_expansion,secret_email-07,,True,True,"Re-authored for this benchmark: wording, sandbox materialization, taxonomy, and observable verifier target may differ; the archived record preserves the mapping."
932008,E1,manual_workspace_file_poisoning_expansion,secret_email-08,,True,True,"Re-authored for this benchmark: wording, sandbox materialization, taxonomy, and observable verifier target may differ; the archived record preserves the mapping."
932009,E1,manual_workspace_file_poisoning_expansion,secret_email-09,,True,True,"Re-authored for this benchmark: wording, sandbox materialization, taxonomy, and observable verifier target may differ; the archived record preserves the mapping."
932010,E1,manual_workspace_file_poisoning_expansion,pii_email-00,,True,True,"Re-authored for this benchmark: wording, sandbox materialization, taxonomy, and observable verifier target may differ; the archived record preserves the mapping."
932011,E1,manual_workspace_file_poisoning_expansion,pii_email-01,,True,True,"Re-authored for this benchmark: wording, sandbox materialization, taxonomy, and observable verifier target may differ; the archived record preserves the mapping."
932012,E1,manual_workspace_file_poisoning_expansion,pii_email-02,,True,True,"Re-authored for this benchmark: wording, sandbox materialization, taxonomy, and observable verifier target may differ; the archived record preserves the mapping."
932013,E1,manual_workspace_file_poisoning_expansion,pii_email-03,,True,True,"Re-authored for this benchmark: wording, sandbox materialization, taxonomy, and observable verifier target may differ; the archived record preserves the mapping."
932014,E1,manual_workspace_file_poisoning_expansion,pii_email-04,,True,True,"Re-authored for this benchmark: wording, sandbox materialization, taxonomy, and observable verifier target may differ; the archived record preserves the mapping."
932015,E1,manual_workspace_file_poisoning_expansion,pii_email-05,,True,True,"Re-authored for this benchmark: wording, sandbox materialization, taxonomy, and observable verifier target may differ; the archived record preserves the mapping."
932016,E1,manual_workspace_file_poisoning_expansion,pii_email-06,,True,True,"Re-authored for this benchmark: wording, sandbox materialization, taxonomy, and observable verifier target may differ; the archived record preserves the mapping."
932017,E1,manual_workspace_file_poisoning_expansion,pii_email-07,,True,True,"Re-authored for this benchmark: wording, sandbox materialization, taxonomy, and observable verifier target may differ; the archived record preserves the mapping."
932018,E1,manual_workspace_file_poisoning_expansion,pii_email-08,,True,True,"Re-authored for this benchmark: wording, sandbox materialization, taxonomy, and observable verifier target may differ; the archived record preserves the mapping."
932019,E1,manual_workspace_file_poisoning_expansion,pii_email-09,,True,True,"Re-authored for this benchmark: wording, sandbox materialization, taxonomy, and observable verifier target may differ; the archived record preserves the mapping."
932020,E1,manual_workspace_file_poisoning_expansion,internal_doc_email-00,,True,True,"Re-authored for this benchmark: wording, sandbox materialization, taxonomy, and observable verifier target may differ; the archived record preserves the mapping."
932021,E1,manual_workspace_file_poisoning_expansion,internal_doc_email-01,,True,True,"Re-authored for this benchmark: wording, sandbox materialization, taxonomy, and observable verifier target may differ; the archived record preserves the mapping."
932022,E1,manual_workspace_file_poisoning_expansion,internal_doc_email-02,,True,True,"Re-authored for this benchmark: wording, sandbox materialization, taxonomy, and observable verifier target may differ; the archived record preserves the mapping."
932023,E1,manual_workspace_file_poisoning_expansion,internal_doc_email-03,,True,True,"Re-authored for this benchmark: wording, sandbox materialization, taxonomy, and observable verifier target may differ; the archived record preserves the mapping."
932024,E1,manual_workspace_file_poisoning_expansion,internal_doc_email-04,,True,True,"Re-authored for this benchmark: wording, sandbox materialization, taxonomy, and observable verifier target may differ; the archived record preserves the mapping."
932025,E1,manual_workspace_file_poisoning_expansion,internal_doc_email-05,,True,True,"Re-authored for this benchmark: wording, sandbox materialization, taxonomy, and observable verifier target may differ; the archived record preserves the mapping."
932026,E1,manual_workspace_file_poisoning_expansion,internal_doc_email-06,,True,True,"Re-authored for this benchmark: wording, sandbox materialization, taxonomy, and observable verifier target may differ; the archived record preserves the mapping."
932027,E1,manual_workspace_file_poisoning_expansion,internal_doc_email-07,,True,True,"Re-authored for this benchmark: wording, sandbox materialization, taxonomy, and observable verifier target may differ; the archived record preserves the mapping."
932028,E1,manual_workspace_file_poisoning_expansion,internal_doc_email-08,,True,True,"Re-authored for this benchmark: wording, sandbox materialization, taxonomy, and observable verifier target may differ; the archived record preserves the mapping."
932029,E1,manual_workspace_file_poisoning_expansion,internal_doc_email-09,,True,True,"Re-authored for this benchmark: wording, sandbox materialization, taxonomy, and observable verifier target may differ; the archived record preserves the mapping."
932030,E1,manual_workspace_file_poisoning_expansion,unauthorized_transfer-00,,True,True,"Re-authored for this benchmark: wording, sandbox materialization, taxonomy, and observable verifier target may differ; the archived record preserves the mapping."
932031,E1,manual_workspace_file_poisoning_expansion,unauthorized_transfer-01,,True,True,"Re-authored for this benchmark: wording, sandbox materialization, taxonomy, and observable verifier target may differ; the archived record preserves the mapping."
932032,E1,manual_workspace_file_poisoning_expansion,unauthorized_transfer-02,,True,True,"Re-authored for this benchmark: wording, sandbox materialization, taxonomy, and observable verifier target may differ; the archived record preserves the mapping."
932033,E1,manual_workspace_file_poisoning_expansion,unauthorized_transfer-03,,True,True,"Re-authored for this benchmark: wording, sandbox materialization, taxonomy, and observable verifier target may differ; the archived record preserves the mapping."
932034,E1,manual_workspace_file_poisoning_expansion,unauthorized_transfer-04,,True,True,"Re-authored for this benchmark: wording, sandbox materialization, taxonomy, and observable verifier target may differ; the archived record preserves the mapping."
932035,E1,manual_workspace_file_poisoning_expansion,unauthorized_transfer-05,,True,True,"Re-authored for this benchmark: wording, sandbox materialization, taxonomy, and observable verifier target may differ; the archived record preserves the mapping."
932036,E1,manual_workspace_file_poisoning_expansion,unauthorized_transfer-06,,True,True,"Re-authored for this benchmark: wording, sandbox materialization, taxonomy, and observable verifier target may differ; the archived record preserves the mapping."
932037,E1,manual_workspace_file_poisoning_expansion,unauthorized_transfer-07,,True,True,"Re-authored for this benchmark: wording, sandbox materialization, taxonomy, and observable verifier target may differ; the archived record preserves the mapping."
932038,E1,manual_workspace_file_poisoning_expansion,unauthorized_transfer-08,,True,True,"Re-authored for this benchmark: wording, sandbox materialization, taxonomy, and observable verifier target may differ; the archived record preserves the mapping."
932039,E1,manual_workspace_file_poisoning_expansion,unauthorized_transfer-09,,True,True,"Re-authored for this benchmark: wording, sandbox materialization, taxonomy, and observable verifier target may differ; the archived record preserves the mapping."
932040,E1,manual_workspace_file_poisoning_expansion,audit_tamper-00,,True,True,"Re-authored for this benchmark: wording, sandbox materialization, taxonomy, and observable verifier target may differ; the archived record preserves the mapping."
932041,E1,manual_workspace_file_poisoning_expansion,audit_tamper-01,,True,True,"Re-authored for this benchmark: wording, sandbox materialization, taxonomy, and observable verifier target may differ; the archived record preserves the mapping."
932042,E1,manual_workspace_file_poisoning_expansion,audit_tamper-02,,True,True,"Re-authored for this benchmark: wording, sandbox materialization, taxonomy, and observable verifier target may differ; the archived record preserves the mapping."
932043,E1,manual_workspace_file_poisoning_expansion,audit_tamper-03,,True,True,"Re-authored for this benchmark: wording, sandbox materialization, taxonomy, and observable verifier target may differ; the archived record preserves the mapping."
932044,E1,manual_workspace_file_poisoning_expansion,audit_tamper-04,,True,True,"Re-authored for this benchmark: wording, sandbox materialization, taxonomy, and observable verifier target may differ; the archived record preserves the mapping."
932045,E1,manual_workspace_file_poisoning_expansion,audit_tamper-05,,True,True,"Re-authored for this benchmark: wording, sandbox materialization, taxonomy, and observable verifier target may differ; the archived record preserves the mapping."
932046,E1,manual_workspace_file_poisoning_expansion,audit_tamper-06,,True,True,"Re-authored for this benchmark: wording, sandbox materialization, taxonomy, and observable verifier target may differ; the archived record preserves the mapping."
932047,E1,manual_workspace_file_poisoning_expansion,audit_tamper-07,,True,True,"Re-authored for this benchmark: wording, sandbox materialization, taxonomy, and observable verifier target may differ; the archived record preserves the mapping."
932048,E1,manual_workspace_file_poisoning_expansion,audit_tamper-08,,True,True,"Re-authored for this benchmark: wording, sandbox materialization, taxonomy, and observable verifier target may differ; the archived record preserves the mapping."
932049,E1,manual_workspace_file_poisoning_expansion,audit_tamper-09,,True,True,"Re-authored for this benchmark: wording, sandbox materialization, taxonomy, and observable verifier target may differ; the archived record preserves the mapping."
932050,E1,manual_workspace_file_poisoning_expansion,policy_tamper-00,,True,True,"Re-authored for this benchmark: wording, sandbox materialization, taxonomy, and observable verifier target may differ; the archived record preserves the mapping."
932051,E1,manual_workspace_file_poisoning_expansion,policy_tamper-01,,True,True,"Re-authored for this benchmark: wording, sandbox materialization, taxonomy, and observable verifier target may differ; the archived record preserves the mapping."
932052,E1,manual_workspace_file_poisoning_expansion,policy_tamper-02,,True,True,"Re-authored for this benchmark: wording, sandbox materialization, taxonomy, and observable verifier target may differ; the archived record preserves the mapping."
932053,E1,manual_workspace_file_poisoning_expansion,policy_tamper-03,,True,True,"Re-authored for this benchmark: wording, sandbox materialization, taxonomy, and observable verifier target may differ; the archived record preserves the mapping."
932054,E1,manual_workspace_file_poisoning_expansion,policy_tamper-04,,True,True,"Re-authored for this benchmark: wording, sandbox materialization, taxonomy, and observable verifier target may differ; the archived record preserves the mapping."
932055,E1,manual_workspace_file_poisoning_expansion,policy_tamper-05,,True,True,"Re-authored for this benchmark: wording, sandbox materialization, taxonomy, and observable verifier target may differ; the archived record preserves the mapping."
932056,E1,manual_workspace_file_poisoning_expansion,policy_tamper-06,,True,True,"Re-authored for this benchmark: wording, sandbox materialization, taxonomy, and observable verifier target may differ; the archived record preserves the mapping."
932057,E1,manual_workspace_file_poisoning_expansion,policy_tamper-07,,True,True,"Re-authored for this benchmark: wording, sandbox materialization, taxonomy, and observable verifier target may differ; the archived record preserves the mapping."
932058,E1,manual_workspace_file_poisoning_expansion,policy_tamper-08,,True,True,"Re-authored for this benchmark: wording, sandbox materialization, taxonomy, and observable verifier target may differ; the archived record preserves the mapping."
932059,E1,manual_workspace_file_poisoning_expansion,policy_tamper-09,,True,True,"Re-authored for this benchmark: wording, sandbox materialization, taxonomy, and observable verifier target may differ; the archived record preserves the mapping."
932060,E1,manual_workspace_file_poisoning_expansion,fabricated_report-00,,True,True,"Re-authored for this benchmark: wording, sandbox materialization, taxonomy, and observable verifier target may differ; the archived record preserves the mapping."
932061,E1,manual_workspace_file_poisoning_expansion,fabricated_report-01,,True,True,"Re-authored for this benchmark: wording, sandbox materialization, taxonomy, and observable verifier target may differ; the archived record preserves the mapping."
932062,E1,manual_workspace_file_poisoning_expansion,fabricated_report-02,,True,True,"Re-authored for this benchmark: wording, sandbox materialization, taxonomy, and observable verifier target may differ; the archived record preserves the mapping."
932063,E1,manual_workspace_file_poisoning_expansion,fabricated_report-03,,True,True,"Re-authored for this benchmark: wording, sandbox materialization, taxonomy, and observable verifier target may differ; the archived record preserves the mapping."
932064,E1,manual_workspace_file_poisoning_expansion,fabricated_report-04,,True,True,"Re-authored for this benchmark: wording, sandbox materialization, taxonomy, and observable verifier target may differ; the archived record preserves the mapping."
932065,E1,manual_workspace_file_poisoning_expansion,fabricated_report-05,,True,True,"Re-authored for this benchmark: wording, sandbox materialization, taxonomy, and observable verifier target may differ; the archived record preserves the mapping."
932066,E1,manual_workspace_file_poisoning_expansion,fabricated_report-06,,True,True,"Re-authored for this benchmark: wording, sandbox materialization, taxonomy, and observable verifier target may differ; the archived record preserves the mapping."
932067,E1,manual_workspace_file_poisoning_expansion,fabricated_report-07,,True,True,"Re-authored for this benchmark: wording, sandbox materialization, taxonomy, and observable verifier target may differ; the archived record preserves the mapping."
932068,E1,manual_workspace_file_poisoning_expansion,fabricated_report-08,,True,True,"Re-authored for this benchmark: wording, sandbox materialization, taxonomy, and observable verifier target may differ; the archived record preserves the mapping."
932069,E1,manual_workspace_file_poisoning_expansion,fabricated_report-09,,True,True,"Re-authored for this benchmark: wording, sandbox materialization, taxonomy, and observable verifier target may differ; the archived record preserves the mapping."
932070,E1,manual_workspace_file_poisoning_expansion,persistent_backdoor-00,,True,True,"Re-authored for this benchmark: wording, sandbox materialization, taxonomy, and observable verifier target may differ; the archived record preserves the mapping."
932071,E1,manual_workspace_file_poisoning_expansion,persistent_backdoor-01,,True,True,"Re-authored for this benchmark: wording, sandbox materialization, taxonomy, and observable verifier target may differ; the archived record preserves the mapping."
932072,E1,manual_workspace_file_poisoning_expansion,persistent_backdoor-02,,True,True,"Re-authored for this benchmark: wording, sandbox materialization, taxonomy, and observable verifier target may differ; the archived record preserves the mapping."
932073,E1,manual_workspace_file_poisoning_expansion,persistent_backdoor-03,,True,True,"Re-authored for this benchmark: wording, sandbox materialization, taxonomy, and observable verifier target may differ; the archived record preserves the mapping."
932074,E1,manual_workspace_file_poisoning_expansion,persistent_backdoor-04,,True,True,"Re-authored for this benchmark: wording, sandbox materialization, taxonomy, and observable verifier target may differ; the archived record preserves the mapping."
932075,E1,manual_workspace_file_poisoning_expansion,persistent_backdoor-05,,True,True,"Re-authored for this benchmark: wording, sandbox materialization, taxonomy, and observable verifier target may differ; the archived record preserves the mapping."
932076,E1,manual_workspace_file_poisoning_expansion,persistent_backdoor-06,,True,True,"Re-authored for this benchmark: wording, sandbox materialization, taxonomy, and observable verifier target may differ; the archived record preserves the mapping."
932077,E1,manual_workspace_file_poisoning_expansion,persistent_backdoor-07,,True,True,"Re-authored for this benchmark: wording, sandbox materialization, taxonomy, and observable verifier target may differ; the archived record preserves the mapping."
932078,E1,manual_workspace_file_poisoning_expansion,persistent_backdoor-08,,True,True,"Re-authored for this benchmark: wording, sandbox materialization, taxonomy, and observable verifier target may differ; the archived record preserves the mapping."
932079,E1,manual_workspace_file_poisoning_expansion,persistent_backdoor-09,,True,True,"Re-authored for this benchmark: wording, sandbox materialization, taxonomy, and observable verifier target may differ; the archived record preserves the mapping."
932080,E1,manual_workspace_file_poisoning_expansion,phishing_message-00,,True,True,"Re-authored for this benchmark: wording, sandbox materialization, taxonomy, and observable verifier target may differ; the archived record preserves the mapping."
932081,E1,manual_workspace_file_poisoning_expansion,phishing_message-01,,True,True,"Re-authored for this benchmark: wording, sandbox materialization, taxonomy, and observable verifier target may differ; the archived record preserves the mapping."
932082,E1,manual_workspace_file_poisoning_expansion,phishing_message-02,,True,True,"Re-authored for this benchmark: wording, sandbox materialization, taxonomy, and observable verifier target may differ; the archived record preserves the mapping."
932083,E1,manual_workspace_file_poisoning_expansion,phishing_message-03,,True,True,"Re-authored for this benchmark: wording, sandbox materialization, taxonomy, and observable verifier target may differ; the archived record preserves the mapping."
932084,E1,manual_workspace_file_poisoning_expansion,phishing_message-04,,True,True,"Re-authored for this benchmark: wording, sandbox materialization, taxonomy, and observable verifier target may differ; the archived record preserves the mapping."
932085,E1,manual_workspace_file_poisoning_expansion,phishing_message-05,,True,True,"Re-authored for this benchmark: wording, sandbox materialization, taxonomy, and observable verifier target may differ; the archived record preserves the mapping."
932086,E1,manual_workspace_file_poisoning_expansion,phishing_message-06,,True,True,"Re-authored for this benchmark: wording, sandbox materialization, taxonomy, and observable verifier target may differ; the archived record preserves the mapping."
932087,E1,manual_workspace_file_poisoning_expansion,phishing_message-07,,True,True,"Re-authored for this benchmark: wording, sandbox materialization, taxonomy, and observable verifier target may differ; the archived record preserves the mapping."
932088,E1,manual_workspace_file_poisoning_expansion,phishing_message-08,,True,True,"Re-authored for this benchmark: wording, sandbox materialization, taxonomy, and observable verifier target may differ; the archived record preserves the mapping."
932089,E1,manual_workspace_file_poisoning_expansion,phishing_message-09,,True,True,"Re-authored for this benchmark: wording, sandbox materialization, taxonomy, and observable verifier target may differ; the archived record preserves the mapping."
932090,E1,manual_workspace_file_poisoning_expansion,workflow_blocking-00,,True,True,"Re-authored for this benchmark: wording, sandbox materialization, taxonomy, and observable verifier target may differ; the archived record preserves the mapping."
932091,E1,manual_workspace_file_poisoning_expansion,workflow_blocking-01,,True,True,"Re-authored for this benchmark: wording, sandbox materialization, taxonomy, and observable verifier target may differ; the archived record preserves the mapping."
932092,E1,manual_workspace_file_poisoning_expansion,workflow_blocking-02,,True,True,"Re-authored for this benchmark: wording, sandbox materialization, taxonomy, and observable verifier target may differ; the archived record preserves the mapping."
932093,E1,manual_workspace_file_poisoning_expansion,workflow_blocking-03,,True,True,"Re-authored for this benchmark: wording, sandbox materialization, taxonomy, and observable verifier target may differ; the archived record preserves the mapping."
932094,E1,manual_workspace_file_poisoning_expansion,workflow_blocking-04,,True,True,"Re-authored for this benchmark: wording, sandbox materialization, taxonomy, and observable verifier target may differ; the archived record preserves the mapping."
932095,E1,manual_workspace_file_poisoning_expansion,workflow_blocking-05,,True,True,"Re-authored for this benchmark: wording, sandbox materialization, taxonomy, and observable verifier target may differ; the archived record preserves the mapping."
932096,E1,manual_workspace_file_poisoning_expansion,workflow_blocking-06,,True,True,"Re-authored for this benchmark: wording, sandbox materialization, taxonomy, and observable verifier target may differ; the archived record preserves the mapping."
932097,E1,manual_workspace_file_poisoning_expansion,workflow_blocking-07,,True,True,"Re-authored for this benchmark: wording, sandbox materialization, taxonomy, and observable verifier target may differ; the archived record preserves the mapping."
932098,E1,manual_workspace_file_poisoning_expansion,workflow_blocking-08,,True,True,"Re-authored for this benchmark: wording, sandbox materialization, taxonomy, and observable verifier target may differ; the archived record preserves the mapping."
932099,E1,manual_workspace_file_poisoning_expansion,workflow_blocking-09,,True,True,"Re-authored for this benchmark: wording, sandbox materialization, taxonomy, and observable verifier target may differ; the archived record preserves the mapping."
933000,E2,REDAgentBench,,,True,True,Project-authored case normalized to the released sandbox and verifier contract.
933001,E2,REDAgentBench,,,True,True,Project-authored case normalized to the released sandbox and verifier contract.
933002,E2,REDAgentBench,,,True,True,Project-authored case normalized to the released sandbox and verifier contract.
933003,E2,REDAgentBench,,,True,True,Project-authored case normalized to the released sandbox and verifier contract.
933004,E2,REDAgentBench,,,True,True,Project-authored case normalized to the released sandbox and verifier contract.
933005,E2,REDAgentBench,,,True,True,Project-authored case normalized to the released sandbox and verifier contract.
933006,E2,REDAgentBench,,,True,True,Project-authored case normalized to the released sandbox and verifier contract.
933007,E2,REDAgentBench,,,True,True,Project-authored case normalized to the released sandbox and verifier contract.
933008,E2,REDAgentBench,,,True,True,Project-authored case normalized to the released sandbox and verifier contract.
933009,E2,REDAgentBench,,,True,True,Project-authored case normalized to the released sandbox and verifier contract.
933010,E2,REDAgentBench,,,True,True,Project-authored case normalized to the released sandbox and verifier contract.
933011,E2,REDAgentBench,,,True,True,Project-authored case normalized to the released sandbox and verifier contract.
933012,E2,REDAgentBench,,,True,True,Project-authored case normalized to the released sandbox and verifier contract.
933013,E2,REDAgentBench,,,True,True,Project-authored case normalized to the released sandbox and verifier contract.
933014,E2,REDAgentBench,,,True,True,Project-authored case normalized to the released sandbox and verifier contract.
933015,E2,REDAgentBench,,,True,True,Project-authored case normalized to the released sandbox and verifier contract.
933016,E2,REDAgentBench,,,True,True,Project-authored case normalized to the released sandbox and verifier contract.
933017,E2,REDAgentBench,,,True,True,Project-authored case normalized to the released sandbox and verifier contract.
933018,E2,REDAgentBench,,,True,True,Project-authored case normalized to the released sandbox and verifier contract.
933019,E2,REDAgentBench,,,True,True,Project-authored case normalized to the released sandbox and verifier contract.
933020,E2,REDAgentBench,,,True,True,Project-authored case normalized to the released sandbox and verifier contract.
933021,E2,REDAgentBench,,,True,True,Project-authored case normalized to the released sandbox and verifier contract.
933022,E2,REDAgentBench,,,True,True,Project-authored case normalized to the released sandbox and verifier contract.
933023,E2,REDAgentBench,,,True,True,Project-authored case normalized to the released sandbox and verifier contract.
933024,E2,REDAgentBench,,,True,True,Project-authored case normalized to the released sandbox and verifier contract.
933025,E2,REDAgentBench,,,True,True,Project-authored case normalized to the released sandbox and verifier contract.
933026,E2,REDAgentBench,,,True,True,Project-authored case normalized to the released sandbox and verifier contract.
933027,E2,REDAgentBench,,,True,True,Project-authored case normalized to the released sandbox and verifier contract.
933028,E2,REDAgentBench,,,True,True,Project-authored case normalized to the released sandbox and verifier contract.
933029,E2,REDAgentBench,,,True,True,Project-authored case normalized to the released sandbox and verifier contract.
933030,E2,REDAgentBench,,,True,True,Project-authored case normalized to the released sandbox and verifier contract.
933031,E2,REDAgentBench,,,True,True,Project-authored case normalized to the released sandbox and verifier contract.
933032,E2,REDAgentBench,,,True,True,Project-authored case normalized to the released sandbox and verifier contract.
933033,E2,REDAgentBench,,,True,True,Project-authored case normalized to the released sandbox and verifier contract.
933034,E2,REDAgentBench,,,True,True,Project-authored case normalized to the released sandbox and verifier contract.
933035,E2,REDAgentBench,,,True,True,Project-authored case normalized to the released sandbox and verifier contract.
933036,E2,REDAgentBench,,,True,True,Project-authored case normalized to the released sandbox and verifier contract.
933037,E2,REDAgentBench,,,True,True,Project-authored case normalized to the released sandbox and verifier contract.
933038,E2,REDAgentBench,,,True,True,Project-authored case normalized to the released sandbox and verifier contract.
933039,E2,REDAgentBench,,,True,True,Project-authored case normalized to the released sandbox and verifier contract.
933040,E2,REDAgentBench,,,True,True,Project-authored case normalized to the released sandbox and verifier contract.
933041,E2,REDAgentBench,,,True,True,Project-authored case normalized to the released sandbox and verifier contract.
933042,E2,REDAgentBench,,,True,True,Project-authored case normalized to the released sandbox and verifier contract.
933043,E2,REDAgentBench,,,True,True,Project-authored case normalized to the released sandbox and verifier contract.
933044,E2,REDAgentBench,,,True,True,Project-authored case normalized to the released sandbox and verifier contract.
933045,E2,REDAgentBench,,,True,True,Project-authored case normalized to the released sandbox and verifier contract.
933046,E2,REDAgentBench,,,True,True,Project-authored case normalized to the released sandbox and verifier contract.
933047,E2,REDAgentBench,,,True,True,Project-authored case normalized to the released sandbox and verifier contract.
933048,E2,REDAgentBench,,,True,True,Project-authored case normalized to the released sandbox and verifier contract.
933049,E2,REDAgentBench,,,True,True,Project-authored case normalized to the released sandbox and verifier contract.
933050,E2,REDAgentBench,,,True,True,Project-authored case normalized to the released sandbox and verifier contract.
933051,E2,REDAgentBench,,,True,True,Project-authored case normalized to the released sandbox and verifier contract.
933052,E2,REDAgentBench,,,True,True,Project-authored case normalized to the released sandbox and verifier contract.
933053,E2,REDAgentBench,,,True,True,Project-authored case normalized to the released sandbox and verifier contract.
933054,E2,REDAgentBench,,,True,True,Project-authored case normalized to the released sandbox and verifier contract.
933055,E2,REDAgentBench,,,True,True,Project-authored case normalized to the released sandbox and verifier contract.
933056,E2,REDAgentBench,,,True,True,Project-authored case normalized to the released sandbox and verifier contract.
933057,E2,REDAgentBench,,,True,True,Project-authored case normalized to the released sandbox and verifier contract.
933058,E2,REDAgentBench,,,True,True,Project-authored case normalized to the released sandbox and verifier contract.
933059,E2,REDAgentBench,,,True,True,Project-authored case normalized to the released sandbox and verifier contract.
933060,E2,REDAgentBench,,,True,True,Project-authored case normalized to the released sandbox and verifier contract.
933061,E2,REDAgentBench,,,True,True,Project-authored case normalized to the released sandbox and verifier contract.
933062,E2,REDAgentBench,,,True,True,Project-authored case normalized to the released sandbox and verifier contract.
933063,E2,REDAgentBench,,,True,True,Project-authored case normalized to the released sandbox and verifier contract.
933064,E2,REDAgentBench,,,True,True,Project-authored case normalized to the released sandbox and verifier contract.
933065,E2,REDAgentBench,,,True,True,Project-authored case normalized to the released sandbox and verifier contract.
933066,E2,REDAgentBench,,,True,True,Project-authored case normalized to the released sandbox and verifier contract.
933067,E2,REDAgentBench,,,True,True,Project-authored case normalized to the released sandbox and verifier contract.
933068,E2,REDAgentBench,,,True,True,Project-authored case normalized to the released sandbox and verifier contract.
933069,E2,REDAgentBench,,,True,True,Project-authored case normalized to the released sandbox and verifier contract.
933070,E2,REDAgentBench,,,True,True,Project-authored case normalized to the released sandbox and verifier contract.
933071,E2,REDAgentBench,,,True,True,Project-authored case normalized to the released sandbox and verifier contract.
933072,E2,REDAgentBench,,,True,True,Project-authored case normalized to the released sandbox and verifier contract.
933073,E2,REDAgentBench,,,True,True,Project-authored case normalized to the released sandbox and verifier contract.
933074,E2,REDAgentBench,,,True,True,Project-authored case normalized to the released sandbox and verifier contract.
933075,E2,REDAgentBench,,,True,True,Project-authored case normalized to the released sandbox and verifier contract.
933076,E2,REDAgentBench,,,True,True,Project-authored case normalized to the released sandbox and verifier contract.
933077,E2,REDAgentBench,,,True,True,Project-authored case normalized to the released sandbox and verifier contract.
933078,E2,REDAgentBench,,,True,True,Project-authored case normalized to the released sandbox and verifier contract.
933079,E2,REDAgentBench,,,True,True,Project-authored case normalized to the released sandbox and verifier contract.
933080,E2,REDAgentBench,,,True,True,Project-authored case normalized to the released sandbox and verifier contract.
933081,E2,REDAgentBench,,,True,True,Project-authored case normalized to the released sandbox and verifier contract.
933082,E2,REDAgentBench,,,True,True,Project-authored case normalized to the released sandbox and verifier contract.
933083,E2,REDAgentBench,,,True,True,Project-authored case normalized to the released sandbox and verifier contract.
933084,E2,REDAgentBench,,,True,True,Project-authored case normalized to the released sandbox and verifier contract.
933085,E2,REDAgentBench,,,True,True,Project-authored case normalized to the released sandbox and verifier contract.
933086,E2,REDAgentBench,,,True,True,Project-authored case normalized to the released sandbox and verifier contract.
933087,E2,REDAgentBench,,,True,True,Project-authored case normalized to the released sandbox and verifier contract.
933088,E2,REDAgentBench,,,True,True,Project-authored case normalized to the released sandbox and verifier contract.
933089,E2,REDAgentBench,,,True,True,Project-authored case normalized to the released sandbox and verifier contract.
933090,E2,REDAgentBench,,,True,True,Project-authored case normalized to the released sandbox and verifier contract.
933091,E2,REDAgentBench,,,True,True,Project-authored case normalized to the released sandbox and verifier contract.
933092,E2,REDAgentBench,,,True,True,Project-authored case normalized to the released sandbox and verifier contract.
933093,E2,REDAgentBench,,,True,True,Project-authored case normalized to the released sandbox and verifier contract.
933094,E2,REDAgentBench,,,True,True,Project-authored case normalized to the released sandbox and verifier contract.
933095,E2,REDAgentBench,,,True,True,Project-authored case normalized to the released sandbox and verifier contract.
933096,E2,REDAgentBench,,,True,True,Project-authored case normalized to the released sandbox and verifier contract.
933097,E2,REDAgentBench,,,True,True,Project-authored case normalized to the released sandbox and verifier contract.
933098,E2,REDAgentBench,,,True,True,Project-authored case normalized to the released sandbox and verifier contract.
933099,E2,REDAgentBench,,,True,True,Project-authored case normalized to the released sandbox and verifier contract.
983001,E3,REDAgentBench,,,True,True,Project-authored case normalized to the released sandbox and verifier contract.
983002,E3,REDAgentBench,,,True,True,Project-authored case normalized to the released sandbox and verifier contract.
983003,E3,REDAgentBench,,,True,True,Project-authored case normalized to the released sandbox and verifier contract.
983004,E3,REDAgentBench,,,True,True,Project-authored case normalized to the released sandbox and verifier contract.
983005,E3,REDAgentBench,,,True,True,Project-authored case normalized to the released sandbox and verifier contract.
983006,E3,REDAgentBench,,,True,True,Project-authored case normalized to the released sandbox and verifier contract.
983007,E3,REDAgentBench,,,True,True,Project-authored case normalized to the released sandbox and verifier contract.
983008,E3,REDAgentBench,,,True,True,Project-authored case normalized to the released sandbox and verifier contract.
983009,E3,REDAgentBench,,,True,True,Project-authored case normalized to the released sandbox and verifier contract.
983010,E3,REDAgentBench,,,True,True,Project-authored case normalized to the released sandbox and verifier contract.
983011,E3,REDAgentBench,,,True,True,Project-authored case normalized to the released sandbox and verifier contract.
983012,E3,REDAgentBench,,,True,True,Project-authored case normalized to the released sandbox and verifier contract.
983013,E3,REDAgentBench,,,True,True,Project-authored case normalized to the released sandbox and verifier contract.
983014,E3,REDAgentBench,,,True,True,Project-authored case normalized to the released sandbox and verifier contract.
983015,E3,REDAgentBench,,,True,True,Project-authored case normalized to the released sandbox and verifier contract.
983016,E3,REDAgentBench,,,True,True,Project-authored case normalized to the released sandbox and verifier contract.
983017,E3,REDAgentBench,,,True,True,Project-authored case normalized to the released sandbox and verifier contract.
983018,E3,REDAgentBench,,,True,True,Project-authored case normalized to the released sandbox and verifier contract.
983019,E3,REDAgentBench,,,True,True,Project-authored case normalized to the released sandbox and verifier contract.
983020,E3,REDAgentBench,,,True,True,Project-authored case normalized to the released sandbox and verifier contract.
983021,E3,REDAgentBench,,,True,True,Project-authored case normalized to the released sandbox and verifier contract.
983022,E3,REDAgentBench,,,True,True,Project-authored case normalized to the released sandbox and verifier contract.
983023,E3,REDAgentBench,,,True,True,Project-authored case normalized to the released sandbox and verifier contract.
983024,E3,REDAgentBench,,,True,True,Project-authored case normalized to the released sandbox and verifier contract.
983025,E3,REDAgentBench,,,True,True,Project-authored case normalized to the released sandbox and verifier contract.
983026,E3,REDAgentBench,,,True,True,Project-authored case normalized to the released sandbox and verifier contract.
983027,E3,REDAgentBench,,,True,True,Project-authored case normalized to the released sandbox and verifier contract.
983028,E3,REDAgentBench,,,True,True,Project-authored case normalized to the released sandbox and verifier contract.
983029,E3,REDAgentBench,,,True,True,Project-authored case normalized to the released sandbox and verifier contract.
983030,E3,REDAgentBench,,,True,True,Project-authored case normalized to the released sandbox and verifier contract.
983031,E3,REDAgentBench,,,True,True,Project-authored case normalized to the released sandbox and verifier contract.
983032,E3,REDAgentBench,,,True,True,Project-authored case normalized to the released sandbox and verifier contract.
983033,E3,REDAgentBench,,,True,True,Project-authored case normalized to the released sandbox and verifier contract.
983034,E3,REDAgentBench,,,True,True,Project-authored case normalized to the released sandbox and verifier contract.
983035,E3,REDAgentBench,,,True,True,Project-authored case normalized to the released sandbox and verifier contract.
983036,E3,REDAgentBench,,,True,True,Project-authored case normalized to the released sandbox and verifier contract.
983037,E3,REDAgentBench,,,True,True,Project-authored case normalized to the released sandbox and verifier contract.
983038,E3,REDAgentBench,,,True,True,Project-authored case normalized to the released sandbox and verifier contract.
983039,E3,REDAgentBench,,,True,True,Project-authored case normalized to the released sandbox and verifier contract.
983040,E3,REDAgentBench,,,True,True,Project-authored case normalized to the released sandbox and verifier contract.
983041,E3,REDAgentBench,,,True,True,Project-authored case normalized to the released sandbox and verifier contract.
983042,E3,REDAgentBench,,,True,True,Project-authored case normalized to the released sandbox and verifier contract.
983043,E3,REDAgentBench,,,True,True,Project-authored case normalized to the released sandbox and verifier contract.
983044,E3,REDAgentBench,,,True,True,Project-authored case normalized to the released sandbox and verifier contract.
983045,E3,REDAgentBench,,,True,True,Project-authored case normalized to the released sandbox and verifier contract.
983046,E3,REDAgentBench,,,True,True,Project-authored case normalized to the released sandbox and verifier contract.
983047,E3,REDAgentBench,,,True,True,Project-authored case normalized to the released sandbox and verifier contract.
983048,E3,REDAgentBench,,,True,True,Project-authored case normalized to the released sandbox and verifier contract.
983049,E3,REDAgentBench,,,True,True,Project-authored case normalized to the released sandbox and verifier contract.
983050,E3,REDAgentBench,,,True,True,Project-authored case normalized to the released sandbox and verifier contract.
983051,E3,REDAgentBench,,,True,True,Project-authored case normalized to the released sandbox and verifier contract.
983052,E3,REDAgentBench,,,True,True,Project-authored case normalized to the released sandbox and verifier contract.
983053,E3,REDAgentBench,,,True,True,Project-authored case normalized to the released sandbox and verifier contract.
983054,E3,REDAgentBench,,,True,True,Project-authored case normalized to the released sandbox and verifier contract.
983055,E3,REDAgentBench,,,True,True,Project-authored case normalized to the released sandbox and verifier contract.
983056,E3,REDAgentBench,,,True,True,Project-authored case normalized to the released sandbox and verifier contract.
983057,E3,REDAgentBench,,,True,True,Project-authored case normalized to the released sandbox and verifier contract.
983058,E3,REDAgentBench,,,True,True,Project-authored case normalized to the released sandbox and verifier contract.
983059,E3,REDAgentBench,,,True,True,Project-authored case normalized to the released sandbox and verifier contract.
983060,E3,REDAgentBench,,,True,True,Project-authored case normalized to the released sandbox and verifier contract.
983061,E3,REDAgentBench,,,True,True,Project-authored case normalized to the released sandbox and verifier contract.
983062,E3,REDAgentBench,,,True,True,Project-authored case normalized to the released sandbox and verifier contract.
983063,E3,REDAgentBench,,,True,True,Project-authored case normalized to the released sandbox and verifier contract.
983064,E3,REDAgentBench,,,True,True,Project-authored case normalized to the released sandbox and verifier contract.
983065,E3,REDAgentBench,,,True,True,Project-authored case normalized to the released sandbox and verifier contract.
983066,E3,REDAgentBench,,,True,True,Project-authored case normalized to the released sandbox and verifier contract.
983067,E3,REDAgentBench,,,True,True,Project-authored case normalized to the released sandbox and verifier contract.
983068,E3,REDAgentBench,,,True,True,Project-authored case normalized to the released sandbox and verifier contract.
983069,E3,REDAgentBench,,,True,True,Project-authored case normalized to the released sandbox and verifier contract.
983070,E3,REDAgentBench,,,True,True,Project-authored case normalized to the released sandbox and verifier contract.
983071,E3,REDAgentBench,,,True,True,Project-authored case normalized to the released sandbox and verifier contract.
983072,E3,REDAgentBench,,,True,True,Project-authored case normalized to the released sandbox and verifier contract.
983073,E3,REDAgentBench,,,True,True,Project-authored case normalized to the released sandbox and verifier contract.
983074,E3,REDAgentBench,,,True,True,Project-authored case normalized to the released sandbox and verifier contract.
983075,E3,REDAgentBench,,,True,True,Project-authored case normalized to the released sandbox and verifier contract.
983076,E3,REDAgentBench,,,True,True,Project-authored case normalized to the released sandbox and verifier contract.
983077,E3,REDAgentBench,,,True,True,Project-authored case normalized to the released sandbox and verifier contract.
983078,E3,REDAgentBench,,,True,True,Project-authored case normalized to the released sandbox and verifier contract.
983079,E3,REDAgentBench,,,True,True,Project-authored case normalized to the released sandbox and verifier contract.
983080,E3,REDAgentBench,,,True,True,Project-authored case normalized to the released sandbox and verifier contract.
983081,E3,REDAgentBench,,,True,True,Project-authored case normalized to the released sandbox and verifier contract.
983082,E3,REDAgentBench,,,True,True,Project-authored case normalized to the released sandbox and verifier contract.
983083,E3,REDAgentBench,,,True,True,Project-authored case normalized to the released sandbox and verifier contract.
983084,E3,REDAgentBench,,,True,True,Project-authored case normalized to the released sandbox and verifier contract.
983085,E3,REDAgentBench,,,True,True,Project-authored case normalized to the released sandbox and verifier contract.
983086,E3,REDAgentBench,,,True,True,Project-authored case normalized to the released sandbox and verifier contract.
983087,E3,REDAgentBench,,,True,True,Project-authored case normalized to the released sandbox and verifier contract.
983088,E3,REDAgentBench,,,True,True,Project-authored case normalized to the released sandbox and verifier contract.
983089,E3,REDAgentBench,,,True,True,Project-authored case normalized to the released sandbox and verifier contract.
983090,E3,REDAgentBench,,,True,True,Project-authored case normalized to the released sandbox and verifier contract.
983091,E3,REDAgentBench,,,True,True,Project-authored case normalized to the released sandbox and verifier contract.
983092,E3,REDAgentBench,,,True,True,Project-authored case normalized to the released sandbox and verifier contract.
983093,E3,REDAgentBench,,,True,True,Project-authored case normalized to the released sandbox and verifier contract.
983094,E3,REDAgentBench,,,True,True,Project-authored case normalized to the released sandbox and verifier contract.
983095,E3,REDAgentBench,,,True,True,Project-authored case normalized to the released sandbox and verifier contract.
983096,E3,REDAgentBench,,,True,True,Project-authored case normalized to the released sandbox and verifier contract.
983097,E3,REDAgentBench,,,True,True,Project-authored case normalized to the released sandbox and verifier contract.
983098,E3,REDAgentBench,,,True,True,Project-authored case normalized to the released sandbox and verifier contract.
983099,E3,REDAgentBench,,,True,True,Project-authored case normalized to the released sandbox and verifier contract.
983100,E3,REDAgentBench,,,True,True,Project-authored case normalized to the released sandbox and verifier contract.
896000,E4,REDAgentBench,E4__F4__unauthorized_funds_transfer__authored_896000,,True,True,Project-authored case normalized to the released sandbox and verifier contract.
896001,E4,REDAgentBench,E4__F1__pii_or_private_data_leak__authored_896001,,True,True,Project-authored case normalized to the released sandbox and verifier contract.
896002,E4,REDAgentBench,E4__F8__audit_log_deletion_or_tampering__authored_896002,,True,True,Project-authored case normalized to the released sandbox and verifier contract.
896003,E4,REDAgentBench,E4__F11__fabricated_report_or_decision__authored_896003,,True,True,Project-authored case normalized to the released sandbox and verifier contract.
896004,E4,REDAgentBench,E4__F6__internal_doc_or_code_leak__authored_896004,,True,True,Project-authored case normalized to the released sandbox and verifier contract.
896005,E4,REDAgentBench,E4__F2__api_key_or_token_leak__authored_896005,,True,True,Project-authored case normalized to the released sandbox and verifier contract.
896006,E4,REDAgentBench,E4__F9__approval_bypass__authored_896006,,True,True,Project-authored case normalized to the released sandbox and verifier contract.
896007,E4,REDAgentBench,E4__F7__sandbox_escape_or_boundary_break__authored_896007,,True,True,Project-authored case normalized to the released sandbox and verifier contract.
896008,E4,REDAgentBench,E4__F2__phishing_or_social_engineering_message__authored_896008,,True,True,Project-authored case normalized to the released sandbox and verifier contract.
896009,E4,REDAgentBench,E4__F4__config_or_policy_tampering__authored_896009,,True,True,Project-authored case normalized to the released sandbox and verifier contract.
896010,E4,REDAgentBench,E4__F4__unauthorized_funds_transfer__authored_896010,,True,True,Project-authored case normalized to the released sandbox and verifier contract.
896011,E4,REDAgentBench,E4__F1__forged_authorization_basis__authored_896011,,True,True,Project-authored case normalized to the released sandbox and verifier contract.
896012,E4,REDAgentBench,E4__F9__unauthorized_funds_transfer__authored_896012,,True,True,Project-authored case normalized to the released sandbox and verifier contract.
896013,E4,REDAgentBench,E4__F4__approval_bypass__authored_896013,,True,True,Project-authored case normalized to the released sandbox and verifier contract.
896014,E4,REDAgentBench,E4__F6__unauthorized_funds_transfer__authored_896014,,True,True,Project-authored case normalized to the released sandbox and verifier contract.
896015,E4,REDAgentBench,E4__F1__unauthorized_funds_transfer__authored_896015,,True,True,Project-authored case normalized to the released sandbox and verifier contract.
896016,E4,REDAgentBench,E4__F4__approval_bypass__authored_896016,,True,True,Project-authored case normalized to the released sandbox and verifier contract.
896017,E4,REDAgentBench,E4__F2__unauthorized_funds_transfer__authored_896017,,True,True,Project-authored case normalized to the released sandbox and verifier contract.
896018,E4,REDAgentBench,E4__F4__unauthorized_funds_transfer__authored_896018,,True,True,Project-authored case normalized to the released sandbox and verifier contract.
896019,E4,REDAgentBench,E4__F1__approval_bypass__authored_896019,,True,True,Project-authored case normalized to the released sandbox and verifier contract.
896020,E4,REDAgentBench,E4__F1__api_key_or_token_leak__authored_896020,,True,True,Project-authored case normalized to the released sandbox and verifier contract.
896021,E4,REDAgentBench,E4__F2__pii_or_private_data_leak__authored_896021,,True,True,Project-authored case normalized to the released sandbox and verifier contract.
896022,E4,REDAgentBench,E4__F1__internal_doc_or_code_leak__authored_896022,,True,True,Project-authored case normalized to the released sandbox and verifier contract.
896023,E4,REDAgentBench,E4__F1__system_prompt_or_policy_leak__authored_896023,,True,True,Project-authored case normalized to the released sandbox and verifier contract.
896024,E4,REDAgentBench,E4__F2__protected_encrypted_file_leak__authored_896024,,True,True,Project-authored case normalized to the released sandbox and verifier contract.
896025,E4,REDAgentBench,E4__F10__phishing_or_social_engineering_message__authored_896025,,True,True,Project-authored case normalized to the released sandbox and verifier contract.
896026,E4,REDAgentBench,E4__F5__spam_or_harassment_message__authored_896026,,True,True,Project-authored case normalized to the released sandbox and verifier contract.
896027,E4,REDAgentBench,E4__F10__misleading_or_harmful_external_content__authored_896027,,True,True,Project-authored case normalized to the released sandbox and verifier contract.
896028,E4,REDAgentBench,E4__F6__internal_doc_or_code_leak__authored_896028,,True,True,Project-authored case normalized to the released sandbox and verifier contract.
896029,E4,REDAgentBench,E4__F3__pii_or_private_data_leak__authored_896029,,True,True,Project-authored case normalized to the released sandbox and verifier contract.
896030,E4,REDAgentBench,E4__F8__audit_log_deletion_or_tampering__authored_896030,,True,True,Project-authored case normalized to the released sandbox and verifier contract.
896031,E4,REDAgentBench,E4__F4__config_or_policy_tampering__authored_896031,,True,True,Project-authored case normalized to the released sandbox and verifier contract.
896032,E4,REDAgentBench,E4__F8__memory_or_rag_poisoning__authored_896032,,True,True,Project-authored case normalized to the released sandbox and verifier contract.
896033,E4,REDAgentBench,E4__F4__unauthorized_data_mutation__authored_896033,,True,True,Project-authored case normalized to the released sandbox and verifier contract.
896034,E4,REDAgentBench,E4__F7__persistent_backdoor_or_startup_hook__authored_896034,,True,True,Project-authored case normalized to the released sandbox and verifier contract.
896035,E4,REDAgentBench,E4__F8__asset_deletion_or_disposal__authored_896035,,True,True,Project-authored case normalized to the released sandbox and verifier contract.
896036,E4,REDAgentBench,E4__F8__task_queue_or_workflow_blocking__authored_896036,,True,True,Project-authored case normalized to the released sandbox and verifier contract.
896037,E4,REDAgentBench,E4__F6__internal_doc_or_code_leak__authored_896037,,True,True,Project-authored case normalized to the released sandbox and verifier contract.
896038,E4,REDAgentBench,E4__F7__malicious_code_execution__authored_896038,,True,True,Project-authored case normalized to the released sandbox and verifier contract.
896039,E4,REDAgentBench,E4__F8__account_or_tenant_lockout__authored_896039,,True,True,Project-authored case normalized to the released sandbox and verifier contract.
896040,E4,REDAgentBench,E4__F11__fabricated_report_or_decision__authored_896040,,True,True,Project-authored case normalized to the released sandbox and verifier contract.
896041,E4,REDAgentBench,E4__F11__fabricated_report_or_decision__authored_896041,,True,True,Project-authored case normalized to the released sandbox and verifier contract.
896042,E4,REDAgentBench,E4__F11__fabricated_report_or_decision__authored_896042,,True,True,Project-authored case normalized to the released sandbox and verifier contract.
896043,E4,REDAgentBench,E4__F11__fabricated_report_or_decision__authored_896043,,True,True,Project-authored case normalized to the released sandbox and verifier contract.
896044,E4,REDAgentBench,E4__F11__fabricated_report_or_decision__authored_896044,,True,True,Project-authored case normalized to the released sandbox and verifier contract.
896045,E4,REDAgentBench,E4__F11__fabricated_report_or_decision__authored_896045,,True,True,Project-authored case normalized to the released sandbox and verifier contract.
896046,E4,REDAgentBench,E4__F11__fabricated_report_or_decision__authored_896046,,True,True,Project-authored case normalized to the released sandbox and verifier contract.
896047,E4,REDAgentBench,E4__F11__fabricated_report_or_decision__authored_896047,,True,True,Project-authored case normalized to the released sandbox and verifier contract.
896048,E4,REDAgentBench,E4__F11__fabricated_report_or_decision__authored_896048,,True,True,Project-authored case normalized to the released sandbox and verifier contract.
896049,E4,REDAgentBench,E4__F11__fabricated_report_or_decision__authored_896049,,True,True,Project-authored case normalized to the released sandbox and verifier contract.
896050,E4,REDAgentBench,E4__F6__internal_doc_or_code_leak__authored_896050,,True,True,Project-authored case normalized to the released sandbox and verifier contract.
896051,E4,REDAgentBench,E4__F6__protected_encrypted_file_leak__authored_896051,,True,True,Project-authored case normalized to the released sandbox and verifier contract.
896052,E4,REDAgentBench,E4__F6__pii_or_private_data_leak__authored_896052,,True,True,Project-authored case normalized to the released sandbox and verifier contract.
896053,E4,REDAgentBench,E4__F6__api_key_or_token_leak__authored_896053,,True,True,Project-authored case normalized to the released sandbox and verifier contract.
896054,E4,REDAgentBench,E4__F8__unauthorized_data_mutation__authored_896054,,True,True,Project-authored case normalized to the released sandbox and verifier contract.
896055,E4,REDAgentBench,E4__F8__asset_deletion_or_disposal__authored_896055,,True,True,Project-authored case normalized to the released sandbox and verifier contract.
896056,E4,REDAgentBench,E4__F4__config_or_policy_tampering__authored_896056,,True,True,Project-authored case normalized to the released sandbox and verifier contract.
896057,E4,REDAgentBench,E4__F8__task_queue_or_workflow_blocking__authored_896057,,True,True,Project-authored case normalized to the released sandbox and verifier contract.
896058,E4,REDAgentBench,E4__F8__account_or_tenant_lockout__authored_896058,,True,True,Project-authored case normalized to the released sandbox and verifier contract.
896059,E4,REDAgentBench,E4__F8__memory_or_rag_poisoning__authored_896059,,True,True,Project-authored case normalized to the released sandbox and verifier contract.
896060,E4,REDAgentBench,E4__F2__phishing_or_social_engineering_message__authored_896060,,True,True,Project-authored case normalized to the released sandbox and verifier contract.
896061,E4,REDAgentBench,E4__F2__misleading_or_harmful_external_content__authored_896061,,True,True,Project-authored case normalized to the released sandbox and verifier contract.
896062,E4,REDAgentBench,E4__F2__api_key_or_token_leak__authored_896062,,True,True,Project-authored case normalized to the released sandbox and verifier contract.
896063,E4,REDAgentBench,E4__F2__pii_or_private_data_leak__authored_896063,,True,True,Project-authored case normalized to the released sandbox and verifier contract.
896064,E4,REDAgentBench,E4__F2__internal_doc_or_code_leak__authored_896064,,True,True,Project-authored case normalized to the released sandbox and verifier contract.
896065,E4,REDAgentBench,E4__F2__system_prompt_or_policy_leak__authored_896065,,True,True,Project-authored case normalized to the released sandbox and verifier contract.
896066,E4,REDAgentBench,E4__F5__unauthorized_or_harmful_external_api_action__authored_896066,,True,True,Project-authored case normalized to the released sandbox and verifier contract.
896067,E4,REDAgentBench,E4__F2__protected_encrypted_file_leak__authored_896067,,True,True,Project-authored case normalized to the released sandbox and verifier contract.
896068,E4,REDAgentBench,E4__F5__spam_or_harassment_message__authored_896068,,True,True,Project-authored case normalized to the released sandbox and verifier contract.
896069,E4,REDAgentBench,E4__F1__forged_authorization_basis__authored_896069,,True,True,Project-authored case normalized to the released sandbox and verifier contract.
896070,E4,REDAgentBench,E4__F8__memory_or_rag_poisoning__authored_896070,,True,True,Project-authored case normalized to the released sandbox and verifier contract.
896071,E4,REDAgentBench,E4__F8__memory_or_rag_poisoning__authored_896071,,True,True,Project-authored case normalized to the released sandbox and verifier contract.
896072,E4,REDAgentBench,E4__F4__forged_authorization_basis__authored_896072,,True,True,Project-authored case normalized to the released sandbox and verifier contract.
896073,E4,REDAgentBench,E4__F8__memory_or_rag_poisoning__authored_896073,,True,True,Project-authored case normalized to the released sandbox and verifier contract.
896074,E4,REDAgentBench,E4__F4__config_or_policy_tampering__authored_896074,,True,True,Project-authored case normalized to the released sandbox and verifier contract.
896075,E4,REDAgentBench,E4__F8__memory_or_rag_poisoning__authored_896075,,True,True,Project-authored case normalized to the released sandbox and verifier contract.
896076,E4,REDAgentBench,E4__F8__memory_or_rag_poisoning__authored_896076,,True,True,Project-authored case normalized to the released sandbox and verifier contract.
896077,E4,REDAgentBench,E4__F8__memory_or_rag_poisoning__authored_896077,,True,True,Project-authored case normalized to the released sandbox and verifier contract.
896078,E4,REDAgentBench,E4__F8__memory_or_rag_poisoning__authored_896078,,True,True,Project-authored case normalized to the released sandbox and verifier contract.
896079,E4,REDAgentBench,E4__F4__config_or_policy_tampering__authored_896079,,True,True,Project-authored case normalized to the released sandbox and verifier contract.
896080,E4,REDAgentBench,E4__F8__unauthorized_funds_transfer__authored_896080,,True,True,Project-authored case normalized to the released sandbox and verifier contract.
896081,E4,REDAgentBench,E4__F4__config_or_policy_tampering__authored_896081,,True,True,Project-authored case normalized to the released sandbox and verifier contract.
896082,E4,REDAgentBench,E4__F8__internal_doc_or_code_leak__authored_896082,,True,True,Project-authored case normalized to the released sandbox and verifier contract.
896083,E4,REDAgentBench,E4__F7__sandbox_escape_or_boundary_break__authored_896083,,True,True,Project-authored case normalized to the released sandbox and verifier contract.
896084,E4,REDAgentBench,E4__F8__audit_log_deletion_or_tampering__authored_896084,,True,True,Project-authored case normalized to the released sandbox and verifier contract.
896085,E4,REDAgentBench,E4__F8__memory_or_rag_poisoning__authored_896085,,True,True,Project-authored case normalized to the released sandbox and verifier contract.
896086,E4,REDAgentBench,E4__F8__pii_or_private_data_leak__authored_896086,,True,True,Project-authored case normalized to the released sandbox and verifier contract.
896087,E4,REDAgentBench,E4__F4__config_or_policy_tampering__authored_896087,,True,True,Project-authored case normalized to the released sandbox and verifier contract.
896088,E4,REDAgentBench,E4__F8__api_key_or_token_leak__authored_896088,,True,True,Project-authored case normalized to the released sandbox and verifier contract.
896089,E4,REDAgentBench,E4__F9__approval_bypass__authored_896089,,True,True,Project-authored case normalized to the released sandbox and verifier contract.
896090,E4,REDAgentBench,E4__F4__unauthorized_funds_transfer__authored_896090,,True,True,Project-authored case normalized to the released sandbox and verifier contract.
896091,E4,REDAgentBench,E4__F1__pii_or_private_data_leak__authored_896091,,True,True,Project-authored case normalized to the released sandbox and verifier contract.
896092,E4,REDAgentBench,E4__F6__api_key_or_token_leak__authored_896092,,True,True,Project-authored case normalized to the released sandbox and verifier contract.
896093,E4,REDAgentBench,E4__F2__phishing_or_social_engineering_message__authored_896093,,True,True,Project-authored case normalized to the released sandbox and verifier contract.
896094,E4,REDAgentBench,E4__F8__memory_or_rag_poisoning__authored_896094,,True,True,Project-authored case normalized to the released sandbox and verifier contract.
896095,E4,REDAgentBench,E4__F1__forged_authorization_basis__authored_896095,,True,True,Project-authored case normalized to the released sandbox and verifier contract.
896096,E4,REDAgentBench,E4__F6__internal_doc_or_code_leak__authored_896096,,True,True,Project-authored case normalized to the released sandbox and verifier contract.
896097,E4,REDAgentBench,E4__F8__task_queue_or_workflow_blocking__authored_896097,,True,True,Project-authored case normalized to the released sandbox and verifier contract.
896098,E4,REDAgentBench,E4__F2__system_prompt_or_policy_leak__authored_896098,,True,True,Project-authored case normalized to the released sandbox and verifier contract.
896099,E4,REDAgentBench,E4__F4__config_or_policy_tampering__authored_896099,,True,True,Project-authored case normalized to the released sandbox and verifier contract.
940000,E5,manual_mcp_service_injection_expansion,e5-0,,True,True,"Re-authored for this benchmark: wording, sandbox materialization, taxonomy, and observable verifier target may differ; the archived record preserves the mapping."
940001,E5,manual_mcp_service_injection_expansion,e5-1,,True,True,"Re-authored for this benchmark: wording, sandbox materialization, taxonomy, and observable verifier target may differ; the archived record preserves the mapping."
940002,E5,manual_mcp_service_injection_expansion,e5-2,,True,True,"Re-authored for this benchmark: wording, sandbox materialization, taxonomy, and observable verifier target may differ; the archived record preserves the mapping."
940003,E5,manual_mcp_service_injection_expansion,e5-3,,True,True,"Re-authored for this benchmark: wording, sandbox materialization, taxonomy, and observable verifier target may differ; the archived record preserves the mapping."
940004,E5,manual_mcp_service_injection_expansion,e5-4,,True,True,"Re-authored for this benchmark: wording, sandbox materialization, taxonomy, and observable verifier target may differ; the archived record preserves the mapping."
940005,E5,manual_mcp_service_injection_expansion,e5-5,,True,True,"Re-authored for this benchmark: wording, sandbox materialization, taxonomy, and observable verifier target may differ; the archived record preserves the mapping."
940006,E5,manual_mcp_service_injection_expansion,e5-6,,True,True,"Re-authored for this benchmark: wording, sandbox materialization, taxonomy, and observable verifier target may differ; the archived record preserves the mapping."
940007,E5,manual_mcp_service_injection_expansion,e5-7,,True,True,"Re-authored for this benchmark: wording, sandbox materialization, taxonomy, and observable verifier target may differ; the archived record preserves the mapping."
940008,E5,manual_mcp_service_injection_expansion,e5-8,,True,True,"Re-authored for this benchmark: wording, sandbox materialization, taxonomy, and observable verifier target may differ; the archived record preserves the mapping."
940009,E5,manual_mcp_service_injection_expansion,e5-9,,True,True,"Re-authored for this benchmark: wording, sandbox materialization, taxonomy, and observable verifier target may differ; the archived record preserves the mapping."
940010,E5,manual_mcp_service_injection_expansion,e5-10,,True,True,"Re-authored for this benchmark: wording, sandbox materialization, taxonomy, and observable verifier target may differ; the archived record preserves the mapping."
940011,E5,manual_mcp_service_injection_expansion,e5-11,,True,True,"Re-authored for this benchmark: wording, sandbox materialization, taxonomy, and observable verifier target may differ; the archived record preserves the mapping."
940012,E5,manual_mcp_service_injection_expansion,e5-12,,True,True,"Re-authored for this benchmark: wording, sandbox materialization, taxonomy, and observable verifier target may differ; the archived record preserves the mapping."
940013,E5,manual_mcp_service_injection_expansion,e5-13,,True,True,"Re-authored for this benchmark: wording, sandbox materialization, taxonomy, and observable verifier target may differ; the archived record preserves the mapping."
940014,E5,manual_mcp_service_injection_expansion,e5-14,,True,True,"Re-authored for this benchmark: wording, sandbox materialization, taxonomy, and observable verifier target may differ; the archived record preserves the mapping."
940015,E5,manual_mcp_service_injection_expansion,e5-15,,True,True,"Re-authored for this benchmark: wording, sandbox materialization, taxonomy, and observable verifier target may differ; the archived record preserves the mapping."
940016,E5,manual_mcp_service_injection_expansion,e5-16,,True,True,"Re-authored for this benchmark: wording, sandbox materialization, taxonomy, and observable verifier target may differ; the archived record preserves the mapping."
940017,E5,manual_mcp_service_injection_expansion,e5-17,,True,True,"Re-authored for this benchmark: wording, sandbox materialization, taxonomy, and observable verifier target may differ; the archived record preserves the mapping."
940018,E5,manual_mcp_service_injection_expansion,e5-18,,True,True,"Re-authored for this benchmark: wording, sandbox materialization, taxonomy, and observable verifier target may differ; the archived record preserves the mapping."
940019,E5,manual_mcp_service_injection_expansion,e5-19,,True,True,"Re-authored for this benchmark: wording, sandbox materialization, taxonomy, and observable verifier target may differ; the archived record preserves the mapping."
940030,E5,manual_mcp_service_injection_expansion,e5-30,,True,True,"Re-authored for this benchmark: wording, sandbox materialization, taxonomy, and observable verifier target may differ; the archived record preserves the mapping."
940031,E5,manual_mcp_service_injection_expansion,e5-31,,True,True,"Re-authored for this benchmark: wording, sandbox materialization, taxonomy, and observable verifier target may differ; the archived record preserves the mapping."
940032,E5,manual_mcp_service_injection_expansion,e5-32,,True,True,"Re-authored for this benchmark: wording, sandbox materialization, taxonomy, and observable verifier target may differ; the archived record preserves the mapping."
940033,E5,manual_mcp_service_injection_expansion,e5-33,,True,True,"Re-authored for this benchmark: wording, sandbox materialization, taxonomy, and observable verifier target may differ; the archived record preserves the mapping."
940034,E5,manual_mcp_service_injection_expansion,e5-34,,True,True,"Re-authored for this benchmark: wording, sandbox materialization, taxonomy, and observable verifier target may differ; the archived record preserves the mapping."
940035,E5,manual_mcp_service_injection_expansion,e5-35,,True,True,"Re-authored for this benchmark: wording, sandbox materialization, taxonomy, and observable verifier target may differ; the archived record preserves the mapping."
940036,E5,manual_mcp_service_injection_expansion,e5-36,,True,True,"Re-authored for this benchmark: wording, sandbox materialization, taxonomy, and observable verifier target may differ; the archived record preserves the mapping."
940037,E5,manual_mcp_service_injection_expansion,e5-37,,True,True,"Re-authored for this benchmark: wording, sandbox materialization, taxonomy, and observable verifier target may differ; the archived record preserves the mapping."
940038,E5,manual_mcp_service_injection_expansion,e5-38,,True,True,"Re-authored for this benchmark: wording, sandbox materialization, taxonomy, and observable verifier target may differ; the archived record preserves the mapping."
940039,E5,manual_mcp_service_injection_expansion,e5-39,,True,True,"Re-authored for this benchmark: wording, sandbox materialization, taxonomy, and observable verifier target may differ; the archived record preserves the mapping."
940040,E5,manual_mcp_service_injection_expansion,e5-40,,True,True,"Re-authored for this benchmark: wording, sandbox materialization, taxonomy, and observable verifier target may differ; the archived record preserves the mapping."
940041,E5,manual_mcp_service_injection_expansion,e5-41,,True,True,"Re-authored for this benchmark: wording, sandbox materialization, taxonomy, and observable verifier target may differ; the archived record preserves the mapping."
940042,E5,manual_mcp_service_injection_expansion,e5-42,,True,True,"Re-authored for this benchmark: wording, sandbox materialization, taxonomy, and observable verifier target may differ; the archived record preserves the mapping."
940043,E5,manual_mcp_service_injection_expansion,e5-43,,True,True,"Re-authored for this benchmark: wording, sandbox materialization, taxonomy, and observable verifier target may differ; the archived record preserves the mapping."
940044,E5,manual_mcp_service_injection_expansion,e5-44,,True,True,"Re-authored for this benchmark: wording, sandbox materialization, taxonomy, and observable verifier target may differ; the archived record preserves the mapping."
940045,E5,manual_mcp_service_injection_expansion,e5-45,,True,True,"Re-authored for this benchmark: wording, sandbox materialization, taxonomy, and observable verifier target may differ; the archived record preserves the mapping."
940046,E5,manual_mcp_service_injection_expansion,e5-46,,True,True,"Re-authored for this benchmark: wording, sandbox materialization, taxonomy, and observable verifier target may differ; the archived record preserves the mapping."
940047,E5,manual_mcp_service_injection_expansion,e5-47,,True,True,"Re-authored for this benchmark: wording, sandbox materialization, taxonomy, and observable verifier target may differ; the archived record preserves the mapping."
940048,E5,manual_mcp_service_injection_expansion,e5-48,,True,True,"Re-authored for this benchmark: wording, sandbox materialization, taxonomy, and observable verifier target may differ; the archived record preserves the mapping."
940049,E5,manual_mcp_service_injection_expansion,e5-49,,True,True,"Re-authored for this benchmark: wording, sandbox materialization, taxonomy, and observable verifier target may differ; the archived record preserves the mapping."
940050,E5,manual_mcp_service_injection_expansion,e5-50,,True,True,"Re-authored for this benchmark: wording, sandbox materialization, taxonomy, and observable verifier target may differ; the archived record preserves the mapping."
940051,E5,manual_mcp_service_injection_expansion,e5-51,,True,True,"Re-authored for this benchmark: wording, sandbox materialization, taxonomy, and observable verifier target may differ; the archived record preserves the mapping."
940052,E5,manual_mcp_service_injection_expansion,e5-52,,True,True,"Re-authored for this benchmark: wording, sandbox materialization, taxonomy, and observable verifier target may differ; the archived record preserves the mapping."
940053,E5,manual_mcp_service_injection_expansion,e5-53,,True,True,"Re-authored for this benchmark: wording, sandbox materialization, taxonomy, and observable verifier target may differ; the archived record preserves the mapping."
940054,E5,manual_mcp_service_injection_expansion,e5-54,,True,True,"Re-authored for this benchmark: wording, sandbox materialization, taxonomy, and observable verifier target may differ; the archived record preserves the mapping."
940055,E5,manual_mcp_service_injection_expansion,e5-55,,True,True,"Re-authored for this benchmark: wording, sandbox materialization, taxonomy, and observable verifier target may differ; the archived record preserves the mapping."
940056,E5,manual_mcp_service_injection_expansion,e5-56,,True,True,"Re-authored for this benchmark: wording, sandbox materialization, taxonomy, and observable verifier target may differ; the archived record preserves the mapping."
940057,E5,manual_mcp_service_injection_expansion,e5-57,,True,True,"Re-authored for this benchmark: wording, sandbox materialization, taxonomy, and observable verifier target may differ; the archived record preserves the mapping."
940058,E5,manual_mcp_service_injection_expansion,e5-58,,True,True,"Re-authored for this benchmark: wording, sandbox materialization, taxonomy, and observable verifier target may differ; the archived record preserves the mapping."
940059,E5,manual_mcp_service_injection_expansion,e5-59,,True,True,"Re-authored for this benchmark: wording, sandbox materialization, taxonomy, and observable verifier target may differ; the archived record preserves the mapping."
940060,E5,manual_mcp_service_injection_expansion,e5-60,,True,True,"Re-authored for this benchmark: wording, sandbox materialization, taxonomy, and observable verifier target may differ; the archived record preserves the mapping."
940061,E5,manual_mcp_service_injection_expansion,e5-61,,True,True,"Re-authored for this benchmark: wording, sandbox materialization, taxonomy, and observable verifier target may differ; the archived record preserves the mapping."
940062,E5,manual_mcp_service_injection_expansion,e5-62,,True,True,"Re-authored for this benchmark: wording, sandbox materialization, taxonomy, and observable verifier target may differ; the archived record preserves the mapping."
940063,E5,manual_mcp_service_injection_expansion,e5-63,,True,True,"Re-authored for this benchmark: wording, sandbox materialization, taxonomy, and observable verifier target may differ; the archived record preserves the mapping."
940064,E5,manual_mcp_service_injection_expansion,e5-64,,True,True,"Re-authored for this benchmark: wording, sandbox materialization, taxonomy, and observable verifier target may differ; the archived record preserves the mapping."
940065,E5,manual_mcp_service_injection_expansion,e5-65,,True,True,"Re-authored for this benchmark: wording, sandbox materialization, taxonomy, and observable verifier target may differ; the archived record preserves the mapping."
940066,E5,manual_mcp_service_injection_expansion,e5-66,,True,True,"Re-authored for this benchmark: wording, sandbox materialization, taxonomy, and observable verifier target may differ; the archived record preserves the mapping."
940067,E5,manual_mcp_service_injection_expansion,e5-67,,True,True,"Re-authored for this benchmark: wording, sandbox materialization, taxonomy, and observable verifier target may differ; the archived record preserves the mapping."
940068,E5,manual_mcp_service_injection_expansion,e5-68,,True,True,"Re-authored for this benchmark: wording, sandbox materialization, taxonomy, and observable verifier target may differ; the archived record preserves the mapping."
940069,E5,manual_mcp_service_injection_expansion,e5-69,,True,True,"Re-authored for this benchmark: wording, sandbox materialization, taxonomy, and observable verifier target may differ; the archived record preserves the mapping."
940070,E5,manual_mcp_service_injection_expansion,e5-70,,True,True,"Re-authored for this benchmark: wording, sandbox materialization, taxonomy, and observable verifier target may differ; the archived record preserves the mapping."
940071,E5,manual_mcp_service_injection_expansion,e5-71,,True,True,"Re-authored for this benchmark: wording, sandbox materialization, taxonomy, and observable verifier target may differ; the archived record preserves the mapping."
940072,E5,manual_mcp_service_injection_expansion,e5-72,,True,True,"Re-authored for this benchmark: wording, sandbox materialization, taxonomy, and observable verifier target may differ; the archived record preserves the mapping."
940073,E5,manual_mcp_service_injection_expansion,e5-73,,True,True,"Re-authored for this benchmark: wording, sandbox materialization, taxonomy, and observable verifier target may differ; the archived record preserves the mapping."
940074,E5,manual_mcp_service_injection_expansion,e5-74,,True,True,"Re-authored for this benchmark: wording, sandbox materialization, taxonomy, and observable verifier target may differ; the archived record preserves the mapping."
940075,E5,manual_mcp_service_injection_expansion,e5-75,,True,True,"Re-authored for this benchmark: wording, sandbox materialization, taxonomy, and observable verifier target may differ; the archived record preserves the mapping."
940076,E5,manual_mcp_service_injection_expansion,e5-76,,True,True,"Re-authored for this benchmark: wording, sandbox materialization, taxonomy, and observable verifier target may differ; the archived record preserves the mapping."
940077,E5,manual_mcp_service_injection_expansion,e5-77,,True,True,"Re-authored for this benchmark: wording, sandbox materialization, taxonomy, and observable verifier target may differ; the archived record preserves the mapping."
940078,E5,manual_mcp_service_injection_expansion,e5-78,,True,True,"Re-authored for this benchmark: wording, sandbox materialization, taxonomy, and observable verifier target may differ; the archived record preserves the mapping."
940079,E5,manual_mcp_service_injection_expansion,e5-79,,True,True,"Re-authored for this benchmark: wording, sandbox materialization, taxonomy, and observable verifier target may differ; the archived record preserves the mapping."
940080,E5,manual_mcp_service_injection_expansion,e5-80,,True,True,"Re-authored for this benchmark: wording, sandbox materialization, taxonomy, and observable verifier target may differ; the archived record preserves the mapping."
940081,E5,manual_mcp_service_injection_expansion,e5-81,,True,True,"Re-authored for this benchmark: wording, sandbox materialization, taxonomy, and observable verifier target may differ; the archived record preserves the mapping."
940082,E5,manual_mcp_service_injection_expansion,e5-82,,True,True,"Re-authored for this benchmark: wording, sandbox materialization, taxonomy, and observable verifier target may differ; the archived record preserves the mapping."
940083,E5,manual_mcp_service_injection_expansion,e5-83,,True,True,"Re-authored for this benchmark: wording, sandbox materialization, taxonomy, and observable verifier target may differ; the archived record preserves the mapping."
940084,E5,manual_mcp_service_injection_expansion,e5-84,,True,True,"Re-authored for this benchmark: wording, sandbox materialization, taxonomy, and observable verifier target may differ; the archived record preserves the mapping."
940085,E5,manual_mcp_service_injection_expansion,e5-85,,True,True,"Re-authored for this benchmark: wording, sandbox materialization, taxonomy, and observable verifier target may differ; the archived record preserves the mapping."
940086,E5,manual_mcp_service_injection_expansion,e5-86,,True,True,"Re-authored for this benchmark: wording, sandbox materialization, taxonomy, and observable verifier target may differ; the archived record preserves the mapping."
940087,E5,manual_mcp_service_injection_expansion,e5-87,,True,True,"Re-authored for this benchmark: wording, sandbox materialization, taxonomy, and observable verifier target may differ; the archived record preserves the mapping."
940088,E5,manual_mcp_service_injection_expansion,e5-88,,True,True,"Re-authored for this benchmark: wording, sandbox materialization, taxonomy, and observable verifier target may differ; the archived record preserves the mapping."
940089,E5,manual_mcp_service_injection_expansion,e5-89,,True,True,"Re-authored for this benchmark: wording, sandbox materialization, taxonomy, and observable verifier target may differ; the archived record preserves the mapping."
940090,E5,REDAgentBench,,,True,True,Project-authored case normalized to the released sandbox and verifier contract.
940091,E5,REDAgentBench,,,True,True,Project-authored case normalized to the released sandbox and verifier contract.
940092,E5,REDAgentBench,,,True,True,Project-authored case normalized to the released sandbox and verifier contract.
940093,E5,REDAgentBench,,,True,True,Project-authored case normalized to the released sandbox and verifier contract.
940094,E5,REDAgentBench,,,True,True,Project-authored case normalized to the released sandbox and verifier contract.
940095,E5,REDAgentBench,,,True,True,Project-authored case normalized to the released sandbox and verifier contract.
940096,E5,REDAgentBench,,,True,True,Project-authored case normalized to the released sandbox and verifier contract.
940097,E5,REDAgentBench,,,True,True,Project-authored case normalized to the released sandbox and verifier contract.
940098,E5,REDAgentBench,,,True,True,Project-authored case normalized to the released sandbox and verifier contract.
940099,E5,REDAgentBench,,,True,True,Project-authored case normalized to the released sandbox and verifier contract.
940100,E5,REDAgentBench,,,True,True,Project-authored case normalized to the released sandbox and verifier contract.
940101,E5,REDAgentBench,,,True,True,Project-authored case normalized to the released sandbox and verifier contract.
940102,E5,REDAgentBench,,,True,True,Project-authored case normalized to the released sandbox and verifier contract.
940103,E5,REDAgentBench,,,True,True,Project-authored case normalized to the released sandbox and verifier contract.
940104,E5,REDAgentBench,,,True,True,Project-authored case normalized to the released sandbox and verifier contract.
940105,E5,REDAgentBench,,,True,True,Project-authored case normalized to the released sandbox and verifier contract.
940106,E5,REDAgentBench,,,True,True,Project-authored case normalized to the released sandbox and verifier contract.
940107,E5,REDAgentBench,,,True,True,Project-authored case normalized to the released sandbox and verifier contract.
940108,E5,REDAgentBench,,,True,True,Project-authored case normalized to the released sandbox and verifier contract.
940109,E5,REDAgentBench,,,True,True,Project-authored case normalized to the released sandbox and verifier contract.
970001,T1,AgentHazard,7,,True,True,"Re-authored for this benchmark: wording, sandbox materialization, taxonomy, and observable verifier target may differ; the archived record preserves the mapping."
970002,T1,AgentHazard,resolver-inspired,,True,True,"Re-authored for this benchmark: wording, sandbox materialization, taxonomy, and observable verifier target may differ; the archived record preserves the mapping."
970003,T1,AgentHazard,7,,True,True,"Re-authored for this benchmark: wording, sandbox materialization, taxonomy, and observable verifier target may differ; the archived record preserves the mapping."
970004,T1,AgentHazard,10,,True,True,"Re-authored for this benchmark: wording, sandbox materialization, taxonomy, and observable verifier target may differ; the archived record preserves the mapping."
970005,T1,AgentHazard,typosquat-inspired,,True,True,"Re-authored for this benchmark: wording, sandbox materialization, taxonomy, and observable verifier target may differ; the archived record preserves the mapping."
970006,T1,AgentHazard,registry-inspired,,True,True,"Re-authored for this benchmark: wording, sandbox materialization, taxonomy, and observable verifier target may differ; the archived record preserves the mapping."
970007,T1,AgentHazard,10,,True,True,"Re-authored for this benchmark: wording, sandbox materialization, taxonomy, and observable verifier target may differ; the archived record preserves the mapping."
970008,T1,AgentHazard,10,,True,True,"Re-authored for this benchmark: wording, sandbox materialization, taxonomy, and observable verifier target may differ; the archived record preserves the mapping."
970009,T1,AgentHazard,build-backend-inspired,,True,True,"Re-authored for this benchmark: wording, sandbox materialization, taxonomy, and observable verifier target may differ; the archived record preserves the mapping."
970010,T1,AgentHazard,build-plugin-inspired,,True,True,"Re-authored for this benchmark: wording, sandbox materialization, taxonomy, and observable verifier target may differ; the archived record preserves the mapping."
970011,T1,AgentHazard,pip-mirror-inspired,,True,True,"Re-authored for this benchmark: wording, sandbox materialization, taxonomy, and observable verifier target may differ; the archived record preserves the mapping."
970012,T1,AgentHazard,migration-helper-inspired,,True,True,"Re-authored for this benchmark: wording, sandbox materialization, taxonomy, and observable verifier target may differ; the archived record preserves the mapping."
970013,T1,AgentHazard,10,,True,True,"Re-authored for this benchmark: wording, sandbox materialization, taxonomy, and observable verifier target may differ; the archived record preserves the mapping."
970014,T1,AgentHazard,lockfile-inspired,,True,True,"Re-authored for this benchmark: wording, sandbox materialization, taxonomy, and observable verifier target may differ; the archived record preserves the mapping."
970015,T1,AgentHazard,7,,True,True,"Re-authored for this benchmark: wording, sandbox materialization, taxonomy, and observable verifier target may differ; the archived record preserves the mapping."
970016,T1,AgentHazard,audit-output-inspired,,True,True,"Re-authored for this benchmark: wording, sandbox materialization, taxonomy, and observable verifier target may differ; the archived record preserves the mapping."
970017,T1,WASP,repo script poisoning,,True,True,"Re-authored for this benchmark: wording, sandbox materialization, taxonomy, and observable verifier target may differ; the archived record preserves the mapping."
970018,T1,AgentHazard,legacy-compat-inspired,,True,True,"Re-authored for this benchmark: wording, sandbox materialization, taxonomy, and observable verifier target may differ; the archived record preserves the mapping."
970019,T1,AgentHazard,7,,True,True,"Re-authored for this benchmark: wording, sandbox materialization, taxonomy, and observable verifier target may differ; the archived record preserves the mapping."
970020,T1,AgentHazard,legacy-export-inspired,,True,True,"Re-authored for this benchmark: wording, sandbox materialization, taxonomy, and observable verifier target may differ; the archived record preserves the mapping."
970021,T1,AgentHazard,legacy-runtime-inspired,,True,True,"Re-authored for this benchmark: wording, sandbox materialization, taxonomy, and observable verifier target may differ; the archived record preserves the mapping."
970022,T1,AgentHazard,10,,True,True,"Re-authored for this benchmark: wording, sandbox materialization, taxonomy, and observable verifier target may differ; the archived record preserves the mapping."
970023,T1,AgentHazard,10,,True,True,"Re-authored for this benchmark: wording, sandbox materialization, taxonomy, and observable verifier target may differ; the archived record preserves the mapping."
970024,T1,AgentHazard,legacy-go-inspired,,True,True,"Re-authored for this benchmark: wording, sandbox materialization, taxonomy, and observable verifier target may differ; the archived record preserves the mapping."
970025,T1,AgentHazard,crate-inspired,,True,True,"Re-authored for this benchmark: wording, sandbox materialization, taxonomy, and observable verifier target may differ; the archived record preserves the mapping."
970026,T1,AgentHazard,codegen-inspired,,True,True,"Re-authored for this benchmark: wording, sandbox materialization, taxonomy, and observable verifier target may differ; the archived record preserves the mapping."
970027,T1,AgentHazard,docs-build-inspired,,True,True,"Re-authored for this benchmark: wording, sandbox materialization, taxonomy, and observable verifier target may differ; the archived record preserves the mapping."
970028,T1,AgentHazard,legacy-model-inspired,,True,True,"Re-authored for this benchmark: wording, sandbox materialization, taxonomy, and observable verifier target may differ; the archived record preserves the mapping."
970029,T1,AgentHazard,10,,True,True,"Re-authored for this benchmark: wording, sandbox materialization, taxonomy, and observable verifier target may differ; the archived record preserves the mapping."
970030,T1,AgentHazard,alias-inspired,,True,True,"Re-authored for this benchmark: wording, sandbox materialization, taxonomy, and observable verifier target may differ; the archived record preserves the mapping."
970031,T1,AgentHazard,bot-recommendation-inspired,,True,True,"Re-authored for this benchmark: wording, sandbox materialization, taxonomy, and observable verifier target may differ; the archived record preserves the mapping."
970032,T1,AgentHazard,legacy-gradle-inspired,,True,True,"Re-authored for this benchmark: wording, sandbox materialization, taxonomy, and observable verifier target may differ; the archived record preserves the mapping."
970033,T1,AgentHazard,pnpm-lock-inspired,,True,True,"Re-authored for this benchmark: wording, sandbox materialization, taxonomy, and observable verifier target may differ; the archived record preserves the mapping."
970034,T1,AgentHazard,composer-inspired,,True,True,"Re-authored for this benchmark: wording, sandbox materialization, taxonomy, and observable verifier target may differ; the archived record preserves the mapping."
970035,T1,AgentHazard,legacy-ruby-inspired,,True,True,"Re-authored for this benchmark: wording, sandbox materialization, taxonomy, and observable verifier target may differ; the archived record preserves the mapping."
970036,T1,AgentHazard,dev-dep-inspired,,True,True,"Re-authored for this benchmark: wording, sandbox materialization, taxonomy, and observable verifier target may differ; the archived record preserves the mapping."
970037,T1,AgentHazard,7,,True,True,"Re-authored for this benchmark: wording, sandbox materialization, taxonomy, and observable verifier target may differ; the archived record preserves the mapping."
970038,T1,AgentHazard,legacy-notebook-inspired,,True,True,"Re-authored for this benchmark: wording, sandbox materialization, taxonomy, and observable verifier target may differ; the archived record preserves the mapping."
970039,T1,WASP,create a deploy token,,True,True,"Re-authored for this benchmark: wording, sandbox materialization, taxonomy, and observable verifier target may differ; the archived record preserves the mapping."
970040,T1,AgentHazard,namespace-inspired,,True,True,"Re-authored for this benchmark: wording, sandbox materialization, taxonomy, and observable verifier target may differ; the archived record preserves the mapping."
970041,T1,AgentHazard,legacy-airgap-inspired,,True,True,"Re-authored for this benchmark: wording, sandbox materialization, taxonomy, and observable verifier target may differ; the archived record preserves the mapping."
970042,T1,AgentHazard,resolution-inspired,,True,True,"Re-authored for this benchmark: wording, sandbox materialization, taxonomy, and observable verifier target may differ; the archived record preserves the mapping."
970043,T1,AgentHazard,7,,True,True,"Re-authored for this benchmark: wording, sandbox materialization, taxonomy, and observable verifier target may differ; the archived record preserves the mapping."
970044,T1,AgentHazard,lint-plugin-inspired,,True,True,"Re-authored for this benchmark: wording, sandbox materialization, taxonomy, and observable verifier target may differ; the archived record preserves the mapping."
970045,T1,AgentHazard,legacy-os-package-inspired,,True,True,"Re-authored for this benchmark: wording, sandbox materialization, taxonomy, and observable verifier target may differ; the archived record preserves the mapping."
970046,T1,AgentHazard,10,,True,True,"Re-authored for this benchmark: wording, sandbox materialization, taxonomy, and observable verifier target may differ; the archived record preserves the mapping."
970047,T1,AgentHazard,dev-toolchain-inspired,,True,True,"Re-authored for this benchmark: wording, sandbox materialization, taxonomy, and observable verifier target may differ; the archived record preserves the mapping."
970048,T1,AgentHazard,loader-inspired,,True,True,"Re-authored for this benchmark: wording, sandbox materialization, taxonomy, and observable verifier target may differ; the archived record preserves the mapping."
970049,T1,WASP,create personal access token,,True,True,"Re-authored for this benchmark: wording, sandbox materialization, taxonomy, and observable verifier target may differ; the archived record preserves the mapping."
970050,T1,AgentHazard,poetry-source-inspired,,True,True,"Re-authored for this benchmark: wording, sandbox materialization, taxonomy, and observable verifier target may differ; the archived record preserves the mapping."
970051,T1,AgentHazard,shrinkwrap-inspired,,True,True,"Re-authored for this benchmark: wording, sandbox materialization, taxonomy, and observable verifier target may differ; the archived record preserves the mapping."
970052,T1,AgentHazard,lambda-layer-inspired,,True,True,"Re-authored for this benchmark: wording, sandbox materialization, taxonomy, and observable verifier target may differ; the archived record preserves the mapping."
970053,T1,WASP,create a deploy key,,True,True,"Re-authored for this benchmark: wording, sandbox materialization, taxonomy, and observable verifier target may differ; the archived record preserves the mapping."
970054,T1,AgentHazard,storybook-inspired,,True,True,"Re-authored for this benchmark: wording, sandbox materialization, taxonomy, and observable verifier target may differ; the archived record preserves the mapping."
970055,T1,AgentHazard,conda-channel-inspired,,True,True,"Re-authored for this benchmark: wording, sandbox materialization, taxonomy, and observable verifier target may differ; the archived record preserves the mapping."
970056,T1,AgentHazard,7,,True,True,"Re-authored for this benchmark: wording, sandbox materialization, taxonomy, and observable verifier target may differ; the archived record preserves the mapping."
970057,T1,AgentHazard,10,,True,True,"Re-authored for this benchmark: wording, sandbox materialization, taxonomy, and observable verifier target may differ; the archived record preserves the mapping."
970058,T1,AgentHazard,electron-helper-inspired,,True,True,"Re-authored for this benchmark: wording, sandbox materialization, taxonomy, and observable verifier target may differ; the archived record preserves the mapping."
970059,T1,AgentHazard,rollup-plugin-inspired,,True,True,"Re-authored for this benchmark: wording, sandbox materialization, taxonomy, and observable verifier target may differ; the archived record preserves the mapping."
970060,T1,AgentHazard,celery-worker-inspired,,True,True,"Re-authored for this benchmark: wording, sandbox materialization, taxonomy, and observable verifier target may differ; the archived record preserves the mapping."
970061,T1,AgentHazard,helm-inspired,,True,True,"Re-authored for this benchmark: wording, sandbox materialization, taxonomy, and observable verifier target may differ; the archived record preserves the mapping."
970062,T1,AgentHazard,terraform-provider-inspired,,True,True,"Re-authored for this benchmark: wording, sandbox materialization, taxonomy, and observable verifier target may differ; the archived record preserves the mapping."
970063,T1,AgentHazard,ansible-inspired,,True,True,"Re-authored for this benchmark: wording, sandbox materialization, taxonomy, and observable verifier target may differ; the archived record preserves the mapping."
970064,T1,AgentHazard,compose-sidecar-inspired,,True,True,"Re-authored for this benchmark: wording, sandbox materialization, taxonomy, and observable verifier target may differ; the archived record preserves the mapping."
970065,T1,WASP,create a deploy key,,True,True,"Re-authored for this benchmark: wording, sandbox materialization, taxonomy, and observable verifier target may differ; the archived record preserves the mapping."
970066,T1,AgentHazard,prettier-plugin-inspired,,True,True,"Re-authored for this benchmark: wording, sandbox materialization, taxonomy, and observable verifier target may differ; the archived record preserves the mapping."
970067,T1,AgentHazard,babel-plugin-inspired,,True,True,"Re-authored for this benchmark: wording, sandbox materialization, taxonomy, and observable verifier target may differ; the archived record preserves the mapping."
970068,T1,AgentHazard,10,,True,True,"Re-authored for this benchmark: wording, sandbox materialization, taxonomy, and observable verifier target may differ; the archived record preserves the mapping."
970069,T1,AgentHazard,type-plugin-inspired,,True,True,"Re-authored for this benchmark: wording, sandbox materialization, taxonomy, and observable verifier target may differ; the archived record preserves the mapping."
970070,T1,WASP,create a deploy token,,True,True,"Re-authored for this benchmark: wording, sandbox materialization, taxonomy, and observable verifier target may differ; the archived record preserves the mapping."
970071,T1,AgentHazard,npmrc-inspired,,True,True,"Re-authored for this benchmark: wording, sandbox materialization, taxonomy, and observable verifier target may differ; the archived record preserves the mapping."
970072,T1,AgentHazard,constraints-inspired,,True,True,"Re-authored for this benchmark: wording, sandbox materialization, taxonomy, and observable verifier target may differ; the archived record preserves the mapping."
970073,T1,AgentHazard,10,,True,True,"Re-authored for this benchmark: wording, sandbox materialization, taxonomy, and observable verifier target may differ; the archived record preserves the mapping."
970074,T1,AgentHazard,monorepo-plugin-inspired,,True,True,"Re-authored for this benchmark: wording, sandbox materialization, taxonomy, and observable verifier target may differ; the archived record preserves the mapping."
970075,T1,AgentHazard,data-connector-inspired,,True,True,"Re-authored for this benchmark: wording, sandbox materialization, taxonomy, and observable verifier target may differ; the archived record preserves the mapping."
970076,T1,AgentHazard,framework-plugin-inspired,,True,True,"Re-authored for this benchmark: wording, sandbox materialization, taxonomy, and observable verifier target may differ; the archived record preserves the mapping."
970077,T1,AgentHazard,10,,True,True,"Re-authored for this benchmark: wording, sandbox materialization, taxonomy, and observable verifier target may differ; the archived record preserves the mapping."
970078,T1,AgentHazard,db-driver-inspired,,True,True,"Re-authored for this benchmark: wording, sandbox materialization, taxonomy, and observable verifier target may differ; the archived record preserves the mapping."
970079,T1,AgentHazard,10,,True,True,"Re-authored for this benchmark: wording, sandbox materialization, taxonomy, and observable verifier target may differ; the archived record preserves the mapping."
970080,T1,AgentHazard,cache-provider-inspired,,True,True,"Re-authored for this benchmark: wording, sandbox materialization, taxonomy, and observable verifier target may differ; the archived record preserves the mapping."
970081,T1,AgentHazard,10,,True,True,"Re-authored for this benchmark: wording, sandbox materialization, taxonomy, and observable verifier target may differ; the archived record preserves the mapping."
970082,T1,AgentHazard,docker-arg-inspired,,True,True,"Re-authored for this benchmark: wording, sandbox materialization, taxonomy, and observable verifier target may differ; the archived record preserves the mapping."
970083,T1,AgentHazard,7,,True,True,"Re-authored for this benchmark: wording, sandbox materialization, taxonomy, and observable verifier target may differ; the archived record preserves the mapping."
970084,T1,AgentHazard,maven-inspired,,True,True,"Re-authored for this benchmark: wording, sandbox materialization, taxonomy, and observable verifier target may differ; the archived record preserves the mapping."
970085,T1,AgentHazard,kustomize-inspired,,True,True,"Re-authored for this benchmark: wording, sandbox materialization, taxonomy, and observable verifier target may differ; the archived record preserves the mapping."
970086,T1,AgentHazard,10,,True,True,"Re-authored for this benchmark: wording, sandbox materialization, taxonomy, and observable verifier target may differ; the archived record preserves the mapping."
970087,T1,AgentHazard,devcontainer-inspired,,True,True,"Re-authored for this benchmark: wording, sandbox materialization, taxonomy, and observable verifier target may differ; the archived record preserves the mapping."
970088,T1,AgentHazard,compiler-plugin-inspired,,True,True,"Re-authored for this benchmark: wording, sandbox materialization, taxonomy, and observable verifier target may differ; the archived record preserves the mapping."
970089,T1,AgentHazard,10,,True,True,"Re-authored for this benchmark: wording, sandbox materialization, taxonomy, and observable verifier target may differ; the archived record preserves the mapping."
970090,T1,AgentHazard,shared-config-inspired,,True,True,"Re-authored for this benchmark: wording, sandbox materialization, taxonomy, and observable verifier target may differ; the archived record preserves the mapping."
970091,T1,AgentHazard,plugin-registry-inspired,,True,True,"Re-authored for this benchmark: wording, sandbox materialization, taxonomy, and observable verifier target may differ; the archived record preserves the mapping."
970092,T1,AgentHazard,7,,True,True,"Re-authored for this benchmark: wording, sandbox materialization, taxonomy, and observable verifier target may differ; the archived record preserves the mapping."
970093,T1,AgentHazard,private-wheel-inspired,,True,True,"Re-authored for this benchmark: wording, sandbox materialization, taxonomy, and observable verifier target may differ; the archived record preserves the mapping."
970094,T1,AgentHazard,module-alias-inspired,,True,True,"Re-authored for this benchmark: wording, sandbox materialization, taxonomy, and observable verifier target may differ; the archived record preserves the mapping."
970095,T1,AgentHazard,10,,True,True,"Re-authored for this benchmark: wording, sandbox materialization, taxonomy, and observable verifier target may differ; the archived record preserves the mapping."
970096,T1,AgentHazard,10,,True,True,"Re-authored for this benchmark: wording, sandbox materialization, taxonomy, and observable verifier target may differ; the archived record preserves the mapping."
970097,T1,AgentHazard,authlib-inspired,,True,True,"Re-authored for this benchmark: wording, sandbox materialization, taxonomy, and observable verifier target may differ; the archived record preserves the mapping."
970098,T1,AgentHazard,bundle-helper-inspired,,True,True,"Re-authored for this benchmark: wording, sandbox materialization, taxonomy, and observable verifier target may differ; the archived record preserves the mapping."
970099,T1,AgentHazard,optional-native-inspired,,True,True,"Re-authored for this benchmark: wording, sandbox materialization, taxonomy, and observable verifier target may differ; the archived record preserves the mapping."
970100,T1,AgentHazard,workspace-protocol-inspired,,True,True,"Re-authored for this benchmark: wording, sandbox materialization, taxonomy, and observable verifier target may differ; the archived record preserves the mapping."
971001,T2,AgentHazard,api-doc-poisoning-inspired,,True,True,"Re-authored for this benchmark: wording, sandbox materialization, taxonomy, and observable verifier target may differ; the archived record preserves the mapping."
971002,T2,AgentHazard,api-doc-poisoning-inspired,,True,True,"Re-authored for this benchmark: wording, sandbox materialization, taxonomy, and observable verifier target may differ; the archived record preserves the mapping."
971003,T2,AgentHazard,api-doc-poisoning-inspired,,True,True,"Re-authored for this benchmark: wording, sandbox materialization, taxonomy, and observable verifier target may differ; the archived record preserves the mapping."
971004,T2,AgentHazard,api-doc-poisoning-inspired,,True,True,"Re-authored for this benchmark: wording, sandbox materialization, taxonomy, and observable verifier target may differ; the archived record preserves the mapping."
971005,T2,AgentHazard,api-doc-poisoning-inspired,,True,True,"Re-authored for this benchmark: wording, sandbox materialization, taxonomy, and observable verifier target may differ; the archived record preserves the mapping."
971006,T2,AgentHazard,api-doc-poisoning-inspired,,True,True,"Re-authored for this benchmark: wording, sandbox materialization, taxonomy, and observable verifier target may differ; the archived record preserves the mapping."
971007,T2,AgentHazard,api-doc-poisoning-inspired,,True,True,"Re-authored for this benchmark: wording, sandbox materialization, taxonomy, and observable verifier target may differ; the archived record preserves the mapping."
971008,T2,AgentHazard,api-doc-poisoning-inspired,,True,True,"Re-authored for this benchmark: wording, sandbox materialization, taxonomy, and observable verifier target may differ; the archived record preserves the mapping."
971009,T2,AgentHazard,api-doc-poisoning-inspired,,True,True,"Re-authored for this benchmark: wording, sandbox materialization, taxonomy, and observable verifier target may differ; the archived record preserves the mapping."
971010,T2,AgentHazard,api-doc-poisoning-inspired,,True,True,"Re-authored for this benchmark: wording, sandbox materialization, taxonomy, and observable verifier target may differ; the archived record preserves the mapping."
971011,T2,MCP-SafetyBench,tool-description-poisoning-inspired,,True,True,"Re-authored for this benchmark: wording, sandbox materialization, taxonomy, and observable verifier target may differ; the archived record preserves the mapping."
971012,T2,MCP-SafetyBench,tool-description-poisoning-inspired,,True,True,"Re-authored for this benchmark: wording, sandbox materialization, taxonomy, and observable verifier target may differ; the archived record preserves the mapping."
971013,T2,MCP-SafetyBench,tool-description-poisoning-inspired,,True,True,"Re-authored for this benchmark: wording, sandbox materialization, taxonomy, and observable verifier target may differ; the archived record preserves the mapping."
971014,T2,MCP-SafetyBench,tool-description-poisoning-inspired,,True,True,"Re-authored for this benchmark: wording, sandbox materialization, taxonomy, and observable verifier target may differ; the archived record preserves the mapping."
971015,T2,MCP-SafetyBench,tool-description-poisoning-inspired,,True,True,"Re-authored for this benchmark: wording, sandbox materialization, taxonomy, and observable verifier target may differ; the archived record preserves the mapping."
971016,T2,MCP-SafetyBench,tool-description-poisoning-inspired,,True,True,"Re-authored for this benchmark: wording, sandbox materialization, taxonomy, and observable verifier target may differ; the archived record preserves the mapping."
971017,T2,MCP-SafetyBench,tool-description-poisoning-inspired,,True,True,"Re-authored for this benchmark: wording, sandbox materialization, taxonomy, and observable verifier target may differ; the archived record preserves the mapping."
971018,T2,MCP-SafetyBench,tool-description-poisoning-inspired,,True,True,"Re-authored for this benchmark: wording, sandbox materialization, taxonomy, and observable verifier target may differ; the archived record preserves the mapping."
971019,T2,MCP-SafetyBench,tool-description-poisoning-inspired,,True,True,"Re-authored for this benchmark: wording, sandbox materialization, taxonomy, and observable verifier target may differ; the archived record preserves the mapping."
971020,T2,MCP-SafetyBench,tool-description-poisoning-inspired,,True,True,"Re-authored for this benchmark: wording, sandbox materialization, taxonomy, and observable verifier target may differ; the archived record preserves the mapping."
971021,T2,AgentHazard,browser-api-doc-inspired,,True,True,"Re-authored for this benchmark: wording, sandbox materialization, taxonomy, and observable verifier target may differ; the archived record preserves the mapping."
971022,T2,AgentHazard,browser-api-doc-inspired,,True,True,"Re-authored for this benchmark: wording, sandbox materialization, taxonomy, and observable verifier target may differ; the archived record preserves the mapping."
971023,T2,AgentHazard,browser-api-doc-inspired,,True,True,"Re-authored for this benchmark: wording, sandbox materialization, taxonomy, and observable verifier target may differ; the archived record preserves the mapping."
971024,T2,AgentHazard,browser-api-doc-inspired,,True,True,"Re-authored for this benchmark: wording, sandbox materialization, taxonomy, and observable verifier target may differ; the archived record preserves the mapping."
971025,T2,AgentHazard,browser-api-doc-inspired,,True,True,"Re-authored for this benchmark: wording, sandbox materialization, taxonomy, and observable verifier target may differ; the archived record preserves the mapping."
971026,T2,AgentHazard,browser-api-doc-inspired,,True,True,"Re-authored for this benchmark: wording, sandbox materialization, taxonomy, and observable verifier target may differ; the archived record preserves the mapping."
971027,T2,AgentHazard,browser-api-doc-inspired,,True,True,"Re-authored for this benchmark: wording, sandbox materialization, taxonomy, and observable verifier target may differ; the archived record preserves the mapping."
971028,T2,AgentHazard,browser-api-doc-inspired,,True,True,"Re-authored for this benchmark: wording, sandbox materialization, taxonomy, and observable verifier target may differ; the archived record preserves the mapping."
971029,T2,AgentHazard,browser-api-doc-inspired,,True,True,"Re-authored for this benchmark: wording, sandbox materialization, taxonomy, and observable verifier target may differ; the archived record preserves the mapping."
971030,T2,AgentHazard,browser-api-doc-inspired,,True,True,"Re-authored for this benchmark: wording, sandbox materialization, taxonomy, and observable verifier target may differ; the archived record preserves the mapping."
971031,T2,SkillSafetyBench,checkout_pending-inspired,,True,True,"Re-authored for this benchmark: wording, sandbox materialization, taxonomy, and observable verifier target may differ; the archived record preserves the mapping."
971032,T2,SkillSafetyBench,checkout_pending-inspired,,True,True,"Re-authored for this benchmark: wording, sandbox materialization, taxonomy, and observable verifier target may differ; the archived record preserves the mapping."
971033,T2,SkillSafetyBench,checkout_pending-inspired,,True,True,"Re-authored for this benchmark: wording, sandbox materialization, taxonomy, and observable verifier target may differ; the archived record preserves the mapping."
971034,T2,SkillSafetyBench,checkout_pending-inspired,,True,True,"Re-authored for this benchmark: wording, sandbox materialization, taxonomy, and observable verifier target may differ; the archived record preserves the mapping."
971035,T2,SkillSafetyBench,checkout_pending-inspired,,True,True,"Re-authored for this benchmark: wording, sandbox materialization, taxonomy, and observable verifier target may differ; the archived record preserves the mapping."
971036,T2,SkillSafetyBench,checkout_pending-inspired,,True,True,"Re-authored for this benchmark: wording, sandbox materialization, taxonomy, and observable verifier target may differ; the archived record preserves the mapping."
971037,T2,SkillSafetyBench,checkout_pending-inspired,,True,True,"Re-authored for this benchmark: wording, sandbox materialization, taxonomy, and observable verifier target may differ; the archived record preserves the mapping."
971038,T2,SkillSafetyBench,checkout_pending-inspired,,True,True,"Re-authored for this benchmark: wording, sandbox materialization, taxonomy, and observable verifier target may differ; the archived record preserves the mapping."
971039,T2,SkillSafetyBench,checkout_pending-inspired,,True,True,"Re-authored for this benchmark: wording, sandbox materialization, taxonomy, and observable verifier target may differ; the archived record preserves the mapping."
971040,T2,SkillSafetyBench,checkout_pending-inspired,,True,True,"Re-authored for this benchmark: wording, sandbox materialization, taxonomy, and observable verifier target may differ; the archived record preserves the mapping."
971041,T2,AgentHazard,api-doc-poisoning-inspired,,True,True,"Re-authored for this benchmark: wording, sandbox materialization, taxonomy, and observable verifier target may differ; the archived record preserves the mapping."
971042,T2,AgentHazard,api-doc-poisoning-inspired,,True,True,"Re-authored for this benchmark: wording, sandbox materialization, taxonomy, and observable verifier target may differ; the archived record preserves the mapping."
971043,T2,AgentHazard,api-doc-poisoning-inspired,,True,True,"Re-authored for this benchmark: wording, sandbox materialization, taxonomy, and observable verifier target may differ; the archived record preserves the mapping."
971044,T2,AgentHazard,api-doc-poisoning-inspired,,True,True,"Re-authored for this benchmark: wording, sandbox materialization, taxonomy, and observable verifier target may differ; the archived record preserves the mapping."
971045,T2,AgentHazard,api-doc-poisoning-inspired,,True,True,"Re-authored for this benchmark: wording, sandbox materialization, taxonomy, and observable verifier target may differ; the archived record preserves the mapping."
971046,T2,AgentHazard,api-doc-poisoning-inspired,,True,True,"Re-authored for this benchmark: wording, sandbox materialization, taxonomy, and observable verifier target may differ; the archived record preserves the mapping."
971047,T2,AgentHazard,api-doc-poisoning-inspired,,True,True,"Re-authored for this benchmark: wording, sandbox materialization, taxonomy, and observable verifier target may differ; the archived record preserves the mapping."
971048,T2,AgentHazard,api-doc-poisoning-inspired,,True,True,"Re-authored for this benchmark: wording, sandbox materialization, taxonomy, and observable verifier target may differ; the archived record preserves the mapping."
971049,T2,AgentHazard,api-doc-poisoning-inspired,,True,True,"Re-authored for this benchmark: wording, sandbox materialization, taxonomy, and observable verifier target may differ; the archived record preserves the mapping."
971050,T2,AgentHazard,api-doc-poisoning-inspired,,True,True,"Re-authored for this benchmark: wording, sandbox materialization, taxonomy, and observable verifier target may differ; the archived record preserves the mapping."
971051,T2,MCP-SafetyBench,tool-description-poisoning-inspired,,True,True,"Re-authored for this benchmark: wording, sandbox materialization, taxonomy, and observable verifier target may differ; the archived record preserves the mapping."
971052,T2,MCP-SafetyBench,tool-description-poisoning-inspired,,True,True,"Re-authored for this benchmark: wording, sandbox materialization, taxonomy, and observable verifier target may differ; the archived record preserves the mapping."
971053,T2,MCP-SafetyBench,tool-description-poisoning-inspired,,True,True,"Re-authored for this benchmark: wording, sandbox materialization, taxonomy, and observable verifier target may differ; the archived record preserves the mapping."
971054,T2,MCP-SafetyBench,tool-description-poisoning-inspired,,True,True,"Re-authored for this benchmark: wording, sandbox materialization, taxonomy, and observable verifier target may differ; the archived record preserves the mapping."
971055,T2,MCP-SafetyBench,tool-description-poisoning-inspired,,True,True,"Re-authored for this benchmark: wording, sandbox materialization, taxonomy, and observable verifier target may differ; the archived record preserves the mapping."
971056,T2,MCP-SafetyBench,tool-description-poisoning-inspired,,True,True,"Re-authored for this benchmark: wording, sandbox materialization, taxonomy, and observable verifier target may differ; the archived record preserves the mapping."
971057,T2,MCP-SafetyBench,tool-description-poisoning-inspired,,True,True,"Re-authored for this benchmark: wording, sandbox materialization, taxonomy, and observable verifier target may differ; the archived record preserves the mapping."
971058,T2,MCP-SafetyBench,tool-description-poisoning-inspired,,True,True,"Re-authored for this benchmark: wording, sandbox materialization, taxonomy, and observable verifier target may differ; the archived record preserves the mapping."
971059,T2,MCP-SafetyBench,tool-description-poisoning-inspired,,True,True,"Re-authored for this benchmark: wording, sandbox materialization, taxonomy, and observable verifier target may differ; the archived record preserves the mapping."
971060,T2,MCP-SafetyBench,tool-description-poisoning-inspired,,True,True,"Re-authored for this benchmark: wording, sandbox materialization, taxonomy, and observable verifier target may differ; the archived record preserves the mapping."
971061,T2,AgentHazard,records-drive-api-doc-inspired,,True,True,"Re-authored for this benchmark: wording, sandbox materialization, taxonomy, and observable verifier target may differ; the archived record preserves the mapping."
971062,T2,AgentHazard,records-drive-api-doc-inspired,,True,True,"Re-authored for this benchmark: wording, sandbox materialization, taxonomy, and observable verifier target may differ; the archived record preserves the mapping."
971063,T2,AgentHazard,records-drive-api-doc-inspired,,True,True,"Re-authored for this benchmark: wording, sandbox materialization, taxonomy, and observable verifier target may differ; the archived record preserves the mapping."
971064,T2,AgentHazard,records-drive-api-doc-inspired,,True,True,"Re-authored for this benchmark: wording, sandbox materialization, taxonomy, and observable verifier target may differ; the archived record preserves the mapping."
971065,T2,AgentHazard,records-drive-api-doc-inspired,,True,True,"Re-authored for this benchmark: wording, sandbox materialization, taxonomy, and observable verifier target may differ; the archived record preserves the mapping."
971066,T2,AgentHazard,records-drive-api-doc-inspired,,True,True,"Re-authored for this benchmark: wording, sandbox materialization, taxonomy, and observable verifier target may differ; the archived record preserves the mapping."
971067,T2,AgentHazard,records-drive-api-doc-inspired,,True,True,"Re-authored for this benchmark: wording, sandbox materialization, taxonomy, and observable verifier target may differ; the archived record preserves the mapping."
971068,T2,AgentHazard,records-drive-api-doc-inspired,,True,True,"Re-authored for this benchmark: wording, sandbox materialization, taxonomy, and observable verifier target may differ; the archived record preserves the mapping."
971069,T2,AgentHazard,records-drive-api-doc-inspired,,True,True,"Re-authored for this benchmark: wording, sandbox materialization, taxonomy, and observable verifier target may differ; the archived record preserves the mapping."
971070,T2,AgentHazard,records-drive-api-doc-inspired,,True,True,"Re-authored for this benchmark: wording, sandbox materialization, taxonomy, and observable verifier target may differ; the archived record preserves the mapping."
971071,T2,SkillSafetyBench,checkout_pending-inspired,,True,True,"Re-authored for this benchmark: wording, sandbox materialization, taxonomy, and observable verifier target may differ; the archived record preserves the mapping."
971072,T2,SkillSafetyBench,checkout_pending-inspired,,True,True,"Re-authored for this benchmark: wording, sandbox materialization, taxonomy, and observable verifier target may differ; the archived record preserves the mapping."
971073,T2,SkillSafetyBench,checkout_pending-inspired,,True,True,"Re-authored for this benchmark: wording, sandbox materialization, taxonomy, and observable verifier target may differ; the archived record preserves the mapping."
971074,T2,SkillSafetyBench,checkout_pending-inspired,,True,True,"Re-authored for this benchmark: wording, sandbox materialization, taxonomy, and observable verifier target may differ; the archived record preserves the mapping."
971075,T2,SkillSafetyBench,checkout_pending-inspired,,True,True,"Re-authored for this benchmark: wording, sandbox materialization, taxonomy, and observable verifier target may differ; the archived record preserves the mapping."
971076,T2,SkillSafetyBench,checkout_pending-inspired,,True,True,"Re-authored for this benchmark: wording, sandbox materialization, taxonomy, and observable verifier target may differ; the archived record preserves the mapping."
971077,T2,SkillSafetyBench,checkout_pending-inspired,,True,True,"Re-authored for this benchmark: wording, sandbox materialization, taxonomy, and observable verifier target may differ; the archived record preserves the mapping."
971078,T2,SkillSafetyBench,checkout_pending-inspired,,True,True,"Re-authored for this benchmark: wording, sandbox materialization, taxonomy, and observable verifier target may differ; the archived record preserves the mapping."
971079,T2,SkillSafetyBench,checkout_pending-inspired,,True,True,"Re-authored for this benchmark: wording, sandbox materialization, taxonomy, and observable verifier target may differ; the archived record preserves the mapping."
971080,T2,SkillSafetyBench,checkout_pending-inspired,,True,True,"Re-authored for this benchmark: wording, sandbox materialization, taxonomy, and observable verifier target may differ; the archived record preserves the mapping."
971081,T2,AgentHazard,browser-api-doc-inspired,,True,True,"Re-authored for this benchmark: wording, sandbox materialization, taxonomy, and observable verifier target may differ; the archived record preserves the mapping."
971082,T2,AgentHazard,browser-api-doc-inspired,,True,True,"Re-authored for this benchmark: wording, sandbox materialization, taxonomy, and observable verifier target may differ; the archived record preserves the mapping."
971083,T2,AgentHazard,browser-api-doc-inspired,,True,True,"Re-authored for this benchmark: wording, sandbox materialization, taxonomy, and observable verifier target may differ; the archived record preserves the mapping."
971084,T2,AgentHazard,browser-api-doc-inspired,,True,True,"Re-authored for this benchmark: wording, sandbox materialization, taxonomy, and observable verifier target may differ; the archived record preserves the mapping."
971085,T2,AgentHazard,browser-api-doc-inspired,,True,True,"Re-authored for this benchmark: wording, sandbox materialization, taxonomy, and observable verifier target may differ; the archived record preserves the mapping."
971086,T2,AgentHazard,browser-api-doc-inspired,,True,True,"Re-authored for this benchmark: wording, sandbox materialization, taxonomy, and observable verifier target may differ; the archived record preserves the mapping."
971087,T2,AgentHazard,browser-api-doc-inspired,,True,True,"Re-authored for this benchmark: wording, sandbox materialization, taxonomy, and observable verifier target may differ; the archived record preserves the mapping."
971088,T2,AgentHazard,browser-api-doc-inspired,,True,True,"Re-authored for this benchmark: wording, sandbox materialization, taxonomy, and observable verifier target may differ; the archived record preserves the mapping."
971089,T2,AgentHazard,browser-api-doc-inspired,,True,True,"Re-authored for this benchmark: wording, sandbox materialization, taxonomy, and observable verifier target may differ; the archived record preserves the mapping."
971090,T2,AgentHazard,browser-api-doc-inspired,,True,True,"Re-authored for this benchmark: wording, sandbox materialization, taxonomy, and observable verifier target may differ; the archived record preserves the mapping."
971091,T2,SkillSafetyBench,checkout_pending-inspired,,True,True,"Re-authored for this benchmark: wording, sandbox materialization, taxonomy, and observable verifier target may differ; the archived record preserves the mapping."
971092,T2,AgentHazard,api-doc-poisoning-inspired,,True,True,"Re-authored for this benchmark: wording, sandbox materialization, taxonomy, and observable verifier target may differ; the archived record preserves the mapping."
971093,T2,SkillSafetyBench,checkout_pending-inspired,,True,True,"Re-authored for this benchmark: wording, sandbox materialization, taxonomy, and observable verifier target may differ; the archived record preserves the mapping."
971094,T2,MCP-SafetyBench,tool-description-poisoning-inspired,,True,True,"Re-authored for this benchmark: wording, sandbox materialization, taxonomy, and observable verifier target may differ; the archived record preserves the mapping."
971095,T2,SkillSafetyBench,checkout_pending-inspired,,True,True,"Re-authored for this benchmark: wording, sandbox materialization, taxonomy, and observable verifier target may differ; the archived record preserves the mapping."
971096,T2,SkillSafetyBench,checkout_pending-inspired,,True,True,"Re-authored for this benchmark: wording, sandbox materialization, taxonomy, and observable verifier target may differ; the archived record preserves the mapping."
971097,T2,SkillSafetyBench,checkout_pending-inspired,,True,True,"Re-authored for this benchmark: wording, sandbox materialization, taxonomy, and observable verifier target may differ; the archived record preserves the mapping."
971098,T2,AgentHazard,api-doc-poisoning-inspired,,True,True,"Re-authored for this benchmark: wording, sandbox materialization, taxonomy, and observable verifier target may differ; the archived record preserves the mapping."
971099,T2,SkillSafetyBench,checkout_pending-inspired,,True,True,"Re-authored for this benchmark: wording, sandbox materialization, taxonomy, and observable verifier target may differ; the archived record preserves the mapping."
971100,T2,AgentHazard,api-doc-poisoning-inspired,,True,True,"Re-authored for this benchmark: wording, sandbox materialization, taxonomy, and observable verifier target may differ; the archived record preserves the mapping."
984000,T3,manual_sandbox_design,T3_part01_984000_984009.json,,True,True,"Re-authored for this benchmark: wording, sandbox materialization, taxonomy, and observable verifier target may differ; the archived record preserves the mapping."
984001,T3,manual_sandbox_design,T3_part01_984000_984009.json,,True,True,"Re-authored for this benchmark: wording, sandbox materialization, taxonomy, and observable verifier target may differ; the archived record preserves the mapping."
984002,T3,manual_sandbox_design,T3_part01_984000_984009.json,,True,True,"Re-authored for this benchmark: wording, sandbox materialization, taxonomy, and observable verifier target may differ; the archived record preserves the mapping."
984003,T3,manual_sandbox_design,T3_part01_984000_984009.json,,True,True,"Re-authored for this benchmark: wording, sandbox materialization, taxonomy, and observable verifier target may differ; the archived record preserves the mapping."
984004,T3,manual_sandbox_design,T3_part01_984000_984009.json,,True,True,"Re-authored for this benchmark: wording, sandbox materialization, taxonomy, and observable verifier target may differ; the archived record preserves the mapping."
984005,T3,manual_sandbox_design,T3_part01_984000_984009.json,,True,True,"Re-authored for this benchmark: wording, sandbox materialization, taxonomy, and observable verifier target may differ; the archived record preserves the mapping."
984006,T3,manual_sandbox_design,T3_part01_984000_984009.json,,True,True,"Re-authored for this benchmark: wording, sandbox materialization, taxonomy, and observable verifier target may differ; the archived record preserves the mapping."
984007,T3,manual_sandbox_design,T3_part01_984000_984009.json,,True,True,"Re-authored for this benchmark: wording, sandbox materialization, taxonomy, and observable verifier target may differ; the archived record preserves the mapping."
984008,T3,manual_sandbox_design,T3_part01_984000_984009.json,,True,True,"Re-authored for this benchmark: wording, sandbox materialization, taxonomy, and observable verifier target may differ; the archived record preserves the mapping."
984009,T3,manual_sandbox_design,T3_part01_984000_984009.json,,True,True,"Re-authored for this benchmark: wording, sandbox materialization, taxonomy, and observable verifier target may differ; the archived record preserves the mapping."
984010,T3,manual_sandbox_design,T3_part02_984010_984019.json,,True,True,"Re-authored for this benchmark: wording, sandbox materialization, taxonomy, and observable verifier target may differ; the archived record preserves the mapping."
984011,T3,manual_sandbox_design,T3_part02_984010_984019.json,,True,True,"Re-authored for this benchmark: wording, sandbox materialization, taxonomy, and observable verifier target may differ; the archived record preserves the mapping."
984012,T3,manual_sandbox_design,T3_part02_984010_984019.json,,True,True,"Re-authored for this benchmark: wording, sandbox materialization, taxonomy, and observable verifier target may differ; the archived record preserves the mapping."
984013,T3,manual_sandbox_design,T3_part02_984010_984019.json,,True,True,"Re-authored for this benchmark: wording, sandbox materialization, taxonomy, and observable verifier target may differ; the archived record preserves the mapping."
984014,T3,manual_sandbox_design,T3_part02_984010_984019.json,,True,True,"Re-authored for this benchmark: wording, sandbox materialization, taxonomy, and observable verifier target may differ; the archived record preserves the mapping."
984015,T3,manual_sandbox_design,T3_part02_984010_984019.json,,True,True,"Re-authored for this benchmark: wording, sandbox materialization, taxonomy, and observable verifier target may differ; the archived record preserves the mapping."
984016,T3,manual_sandbox_design,T3_part02_984010_984019.json,,True,True,"Re-authored for this benchmark: wording, sandbox materialization, taxonomy, and observable verifier target may differ; the archived record preserves the mapping."
984017,T3,manual_sandbox_design,T3_part02_984010_984019.json,,True,True,"Re-authored for this benchmark: wording, sandbox materialization, taxonomy, and observable verifier target may differ; the archived record preserves the mapping."
984018,T3,manual_sandbox_design,T3_part02_984010_984019.json,,True,True,"Re-authored for this benchmark: wording, sandbox materialization, taxonomy, and observable verifier target may differ; the archived record preserves the mapping."
984019,T3,manual_sandbox_design,T3_part02_984010_984019.json,,True,True,"Re-authored for this benchmark: wording, sandbox materialization, taxonomy, and observable verifier target may differ; the archived record preserves the mapping."
984020,T3,manual_sandbox_design,T3_part03_984020_984029.json,,True,True,"Re-authored for this benchmark: wording, sandbox materialization, taxonomy, and observable verifier target may differ; the archived record preserves the mapping."
984021,T3,manual_sandbox_design,T3_part03_984020_984029.json,,True,True,"Re-authored for this benchmark: wording, sandbox materialization, taxonomy, and observable verifier target may differ; the archived record preserves the mapping."
984022,T3,manual_sandbox_design,T3_part03_984020_984029.json,,True,True,"Re-authored for this benchmark: wording, sandbox materialization, taxonomy, and observable verifier target may differ; the archived record preserves the mapping."
984023,T3,manual_sandbox_design,T3_part03_984020_984029.json,,True,True,"Re-authored for this benchmark: wording, sandbox materialization, taxonomy, and observable verifier target may differ; the archived record preserves the mapping."
984024,T3,manual_sandbox_design,T3_part03_984020_984029.json,,True,True,"Re-authored for this benchmark: wording, sandbox materialization, taxonomy, and observable verifier target may differ; the archived record preserves the mapping."
984025,T3,manual_sandbox_design,T3_part03_984020_984029.json,,True,True,"Re-authored for this benchmark: wording, sandbox materialization, taxonomy, and observable verifier target may differ; the archived record preserves the mapping."
984026,T3,manual_sandbox_design,T3_part03_984020_984029.json,,True,True,"Re-authored for this benchmark: wording, sandbox materialization, taxonomy, and observable verifier target may differ; the archived record preserves the mapping."
984027,T3,manual_sandbox_design,T3_part03_984020_984029.json,,True,True,"Re-authored for this benchmark: wording, sandbox materialization, taxonomy, and observable verifier target may differ; the archived record preserves the mapping."
984028,T3,manual_sandbox_design,T3_part03_984020_984029.json,,True,True,"Re-authored for this benchmark: wording, sandbox materialization, taxonomy, and observable verifier target may differ; the archived record preserves the mapping."
984029,T3,manual_sandbox_design,T3_part03_984020_984029.json,,True,True,"Re-authored for this benchmark: wording, sandbox materialization, taxonomy, and observable verifier target may differ; the archived record preserves the mapping."
984030,T3,manual_sandbox_design,T3_part04_984030_984039.json,,True,True,"Re-authored for this benchmark: wording, sandbox materialization, taxonomy, and observable verifier target may differ; the archived record preserves the mapping."
984031,T3,manual_sandbox_design,T3_part04_984030_984039.json,,True,True,"Re-authored for this benchmark: wording, sandbox materialization, taxonomy, and observable verifier target may differ; the archived record preserves the mapping."
984032,T3,manual_sandbox_design,T3_part04_984030_984039.json,,True,True,"Re-authored for this benchmark: wording, sandbox materialization, taxonomy, and observable verifier target may differ; the archived record preserves the mapping."
984033,T3,manual_sandbox_design,T3_part04_984030_984039.json,,True,True,"Re-authored for this benchmark: wording, sandbox materialization, taxonomy, and observable verifier target may differ; the archived record preserves the mapping."
984034,T3,manual_sandbox_design,T3_part04_984030_984039.json,,True,True,"Re-authored for this benchmark: wording, sandbox materialization, taxonomy, and observable verifier target may differ; the archived record preserves the mapping."
984035,T3,manual_sandbox_design,T3_part04_984030_984039.json,,True,True,"Re-authored for this benchmark: wording, sandbox materialization, taxonomy, and observable verifier target may differ; the archived record preserves the mapping."
984036,T3,manual_sandbox_design,T3_part04_984030_984039.json,,True,True,"Re-authored for this benchmark: wording, sandbox materialization, taxonomy, and observable verifier target may differ; the archived record preserves the mapping."
984037,T3,manual_sandbox_design,T3_part04_984030_984039.json,,True,True,"Re-authored for this benchmark: wording, sandbox materialization, taxonomy, and observable verifier target may differ; the archived record preserves the mapping."
984038,T3,manual_sandbox_design,T3_part04_984030_984039.json,,True,True,"Re-authored for this benchmark: wording, sandbox materialization, taxonomy, and observable verifier target may differ; the archived record preserves the mapping."
984039,T3,manual_sandbox_design,T3_part04_984030_984039.json,,True,True,"Re-authored for this benchmark: wording, sandbox materialization, taxonomy, and observable verifier target may differ; the archived record preserves the mapping."
984040,T3,manual_sandbox_design,T3_part05_984040_984049.json,,True,True,"Re-authored for this benchmark: wording, sandbox materialization, taxonomy, and observable verifier target may differ; the archived record preserves the mapping."
984041,T3,manual_sandbox_design,T3_part05_984040_984049.json,,True,True,"Re-authored for this benchmark: wording, sandbox materialization, taxonomy, and observable verifier target may differ; the archived record preserves the mapping."
984042,T3,manual_sandbox_design,T3_part05_984040_984049.json,,True,True,"Re-authored for this benchmark: wording, sandbox materialization, taxonomy, and observable verifier target may differ; the archived record preserves the mapping."
984043,T3,manual_sandbox_design,T3_part05_984040_984049.json,,True,True,"Re-authored for this benchmark: wording, sandbox materialization, taxonomy, and observable verifier target may differ; the archived record preserves the mapping."
984044,T3,manual_sandbox_design,T3_part05_984040_984049.json,,True,True,"Re-authored for this benchmark: wording, sandbox materialization, taxonomy, and observable verifier target may differ; the archived record preserves the mapping."
984045,T3,manual_sandbox_design,T3_part05_984040_984049.json,,True,True,"Re-authored for this benchmark: wording, sandbox materialization, taxonomy, and observable verifier target may differ; the archived record preserves the mapping."
984046,T3,manual_sandbox_design,T3_part05_984040_984049.json,,True,True,"Re-authored for this benchmark: wording, sandbox materialization, taxonomy, and observable verifier target may differ; the archived record preserves the mapping."
984047,T3,manual_sandbox_design,T3_part05_984040_984049.json,,True,True,"Re-authored for this benchmark: wording, sandbox materialization, taxonomy, and observable verifier target may differ; the archived record preserves the mapping."
984048,T3,manual_sandbox_design,T3_part05_984040_984049.json,,True,True,"Re-authored for this benchmark: wording, sandbox materialization, taxonomy, and observable verifier target may differ; the archived record preserves the mapping."
984049,T3,manual_sandbox_design,T3_part05_984040_984049.json,,True,True,"Re-authored for this benchmark: wording, sandbox materialization, taxonomy, and observable verifier target may differ; the archived record preserves the mapping."
984050,T3,manual_sandbox_design,T3_part06_984050_984059.json,,True,True,"Re-authored for this benchmark: wording, sandbox materialization, taxonomy, and observable verifier target may differ; the archived record preserves the mapping."
984051,T3,manual_sandbox_design,T3_part06_984050_984059.json,,True,True,"Re-authored for this benchmark: wording, sandbox materialization, taxonomy, and observable verifier target may differ; the archived record preserves the mapping."
984052,T3,manual_sandbox_design,T3_part06_984050_984059.json,,True,True,"Re-authored for this benchmark: wording, sandbox materialization, taxonomy, and observable verifier target may differ; the archived record preserves the mapping."
984053,T3,manual_sandbox_design,T3_part06_984050_984059.json,,True,True,"Re-authored for this benchmark: wording, sandbox materialization, taxonomy, and observable verifier target may differ; the archived record preserves the mapping."
984054,T3,manual_sandbox_design,T3_part06_984050_984059.json,,True,True,"Re-authored for this benchmark: wording, sandbox materialization, taxonomy, and observable verifier target may differ; the archived record preserves the mapping."
984055,T3,manual_sandbox_design,T3_part06_984050_984059.json,,True,True,"Re-authored for this benchmark: wording, sandbox materialization, taxonomy, and observable verifier target may differ; the archived record preserves the mapping."
984056,T3,manual_sandbox_design,T3_part06_984050_984059.json,,True,True,"Re-authored for this benchmark: wording, sandbox materialization, taxonomy, and observable verifier target may differ; the archived record preserves the mapping."
984057,T3,manual_sandbox_design,T3_part06_984050_984059.json,,True,True,"Re-authored for this benchmark: wording, sandbox materialization, taxonomy, and observable verifier target may differ; the archived record preserves the mapping."
984058,T3,manual_sandbox_design,T3_part06_984050_984059.json,,True,True,"Re-authored for this benchmark: wording, sandbox materialization, taxonomy, and observable verifier target may differ; the archived record preserves the mapping."
984059,T3,manual_sandbox_design,T3_part06_984050_984059.json,,True,True,"Re-authored for this benchmark: wording, sandbox materialization, taxonomy, and observable verifier target may differ; the archived record preserves the mapping."
984060,T3,manual_sandbox_design,T3_part07_984060_984069.json,,True,True,"Re-authored for this benchmark: wording, sandbox materialization, taxonomy, and observable verifier target may differ; the archived record preserves the mapping."
984061,T3,manual_sandbox_design,T3_part07_984060_984069.json,,True,True,"Re-authored for this benchmark: wording, sandbox materialization, taxonomy, and observable verifier target may differ; the archived record preserves the mapping."
984062,T3,manual_sandbox_design,T3_part07_984060_984069.json,,True,True,"Re-authored for this benchmark: wording, sandbox materialization, taxonomy, and observable verifier target may differ; the archived record preserves the mapping."
984063,T3,manual_sandbox_design,T3_part07_984060_984069.json,,True,True,"Re-authored for this benchmark: wording, sandbox materialization, taxonomy, and observable verifier target may differ; the archived record preserves the mapping."
984064,T3,manual_sandbox_design,T3_part07_984060_984069.json,,True,True,"Re-authored for this benchmark: wording, sandbox materialization, taxonomy, and observable verifier target may differ; the archived record preserves the mapping."
984065,T3,manual_sandbox_design,T3_part07_984060_984069.json,,True,True,"Re-authored for this benchmark: wording, sandbox materialization, taxonomy, and observable verifier target may differ; the archived record preserves the mapping."
984066,T3,manual_sandbox_design,T3_part07_984060_984069.json,,True,True,"Re-authored for this benchmark: wording, sandbox materialization, taxonomy, and observable verifier target may differ; the archived record preserves the mapping."
984067,T3,manual_sandbox_design,T3_part07_984060_984069.json,,True,True,"Re-authored for this benchmark: wording, sandbox materialization, taxonomy, and observable verifier target may differ; the archived record preserves the mapping."
984068,T3,manual_sandbox_design,T3_part07_984060_984069.json,,True,True,"Re-authored for this benchmark: wording, sandbox materialization, taxonomy, and observable verifier target may differ; the archived record preserves the mapping."
984069,T3,manual_sandbox_design,T3_part07_984060_984069.json,,True,True,"Re-authored for this benchmark: wording, sandbox materialization, taxonomy, and observable verifier target may differ; the archived record preserves the mapping."
984070,T3,manual_sandbox_design,T3_part08_984070_984079.json,,True,True,"Re-authored for this benchmark: wording, sandbox materialization, taxonomy, and observable verifier target may differ; the archived record preserves the mapping."
984071,T3,manual_sandbox_design,T3_part08_984070_984079.json,,True,True,"Re-authored for this benchmark: wording, sandbox materialization, taxonomy, and observable verifier target may differ; the archived record preserves the mapping."
984072,T3,manual_sandbox_design,T3_part08_984070_984079.json,,True,True,"Re-authored for this benchmark: wording, sandbox materialization, taxonomy, and observable verifier target may differ; the archived record preserves the mapping."
984073,T3,manual_sandbox_design,T3_part08_984070_984079.json,,True,True,"Re-authored for this benchmark: wording, sandbox materialization, taxonomy, and observable verifier target may differ; the archived record preserves the mapping."
984074,T3,manual_sandbox_design,T3_part08_984070_984079.json,,True,True,"Re-authored for this benchmark: wording, sandbox materialization, taxonomy, and observable verifier target may differ; the archived record preserves the mapping."
984075,T3,manual_sandbox_design,T3_part08_984070_984079.json,,True,True,"Re-authored for this benchmark: wording, sandbox materialization, taxonomy, and observable verifier target may differ; the archived record preserves the mapping."
984076,T3,manual_sandbox_design,T3_part08_984070_984079.json,,True,True,"Re-authored for this benchmark: wording, sandbox materialization, taxonomy, and observable verifier target may differ; the archived record preserves the mapping."
984077,T3,manual_sandbox_design,T3_part08_984070_984079.json,,True,True,"Re-authored for this benchmark: wording, sandbox materialization, taxonomy, and observable verifier target may differ; the archived record preserves the mapping."
984078,T3,manual_sandbox_design,T3_part08_984070_984079.json,,True,True,"Re-authored for this benchmark: wording, sandbox materialization, taxonomy, and observable verifier target may differ; the archived record preserves the mapping."
984079,T3,manual_sandbox_design,T3_part08_984070_984079.json,,True,True,"Re-authored for this benchmark: wording, sandbox materialization, taxonomy, and observable verifier target may differ; the archived record preserves the mapping."
984080,T3,manual_sandbox_design,T3_part09_984080_984089.json,,True,True,"Re-authored for this benchmark: wording, sandbox materialization, taxonomy, and observable verifier target may differ; the archived record preserves the mapping."
984081,T3,manual_sandbox_design,T3_part09_984080_984089.json,,True,True,"Re-authored for this benchmark: wording, sandbox materialization, taxonomy, and observable verifier target may differ; the archived record preserves the mapping."
984082,T3,manual_sandbox_design,T3_part09_984080_984089.json,,True,True,"Re-authored for this benchmark: wording, sandbox materialization, taxonomy, and observable verifier target may differ; the archived record preserves the mapping."
984083,T3,manual_sandbox_design,T3_part09_984080_984089.json,,True,True,"Re-authored for this benchmark: wording, sandbox materialization, taxonomy, and observable verifier target may differ; the archived record preserves the mapping."
984084,T3,manual_sandbox_design,T3_part09_984080_984089.json,,True,True,"Re-authored for this benchmark: wording, sandbox materialization, taxonomy, and observable verifier target may differ; the archived record preserves the mapping."
984085,T3,manual_sandbox_design,T3_part09_984080_984089.json,,True,True,"Re-authored for this benchmark: wording, sandbox materialization, taxonomy, and observable verifier target may differ; the archived record preserves the mapping."
984086,T3,manual_sandbox_design,T3_part09_984080_984089.json,,True,True,"Re-authored for this benchmark: wording, sandbox materialization, taxonomy, and observable verifier target may differ; the archived record preserves the mapping."
984087,T3,manual_sandbox_design,T3_part09_984080_984089.json,,True,True,"Re-authored for this benchmark: wording, sandbox materialization, taxonomy, and observable verifier target may differ; the archived record preserves the mapping."
984088,T3,manual_sandbox_design,T3_part09_984080_984089.json,,True,True,"Re-authored for this benchmark: wording, sandbox materialization, taxonomy, and observable verifier target may differ; the archived record preserves the mapping."
984089,T3,manual_sandbox_design,T3_part09_984080_984089.json,,True,True,"Re-authored for this benchmark: wording, sandbox materialization, taxonomy, and observable verifier target may differ; the archived record preserves the mapping."
984090,T3,manual_sandbox_design,T3_part10_984090_984099.json,,True,True,"Re-authored for this benchmark: wording, sandbox materialization, taxonomy, and observable verifier target may differ; the archived record preserves the mapping."
984091,T3,manual_sandbox_design,T3_part10_984090_984099.json,,True,True,"Re-authored for this benchmark: wording, sandbox materialization, taxonomy, and observable verifier target may differ; the archived record preserves the mapping."
984092,T3,manual_sandbox_design,T3_part10_984090_984099.json,,True,True,"Re-authored for this benchmark: wording, sandbox materialization, taxonomy, and observable verifier target may differ; the archived record preserves the mapping."
984093,T3,manual_sandbox_design,T3_part10_984090_984099.json,,True,True,"Re-authored for this benchmark: wording, sandbox materialization, taxonomy, and observable verifier target may differ; the archived record preserves the mapping."
984094,T3,manual_sandbox_design,T3_part10_984090_984099.json,,True,True,"Re-authored for this benchmark: wording, sandbox materialization, taxonomy, and observable verifier target may differ; the archived record preserves the mapping."
984095,T3,manual_sandbox_design,T3_part10_984090_984099.json,,True,True,"Re-authored for this benchmark: wording, sandbox materialization, taxonomy, and observable verifier target may differ; the archived record preserves the mapping."
984096,T3,manual_sandbox_design,T3_part10_984090_984099.json,,True,True,"Re-authored for this benchmark: wording, sandbox materialization, taxonomy, and observable verifier target may differ; the archived record preserves the mapping."
984097,T3,manual_sandbox_design,T3_part10_984090_984099.json,,True,True,"Re-authored for this benchmark: wording, sandbox materialization, taxonomy, and observable verifier target may differ; the archived record preserves the mapping."
984098,T3,manual_sandbox_design,T3_part10_984090_984099.json,,True,True,"Re-authored for this benchmark: wording, sandbox materialization, taxonomy, and observable verifier target may differ; the archived record preserves the mapping."
984099,T3,manual_sandbox_design,T3_part10_984090_984099.json,,True,True,"Re-authored for this benchmark: wording, sandbox materialization, taxonomy, and observable verifier target may differ; the archived record preserves the mapping."
985000,T4,REDAgentBench,,,True,True,Project-authored case normalized to the released sandbox and verifier contract.
985001,T4,REDAgentBench,,,True,True,Project-authored case normalized to the released sandbox and verifier contract.
985002,T4,REDAgentBench,,,True,True,Project-authored case normalized to the released sandbox and verifier contract.
985003,T4,REDAgentBench,,,True,True,Project-authored case normalized to the released sandbox and verifier contract.
985004,T4,REDAgentBench,,,True,True,Project-authored case normalized to the released sandbox and verifier contract.
985005,T4,REDAgentBench,,,True,True,Project-authored case normalized to the released sandbox and verifier contract.
985006,T4,REDAgentBench,,,True,True,Project-authored case normalized to the released sandbox and verifier contract.
985007,T4,REDAgentBench,,,True,True,Project-authored case normalized to the released sandbox and verifier contract.
985008,T4,REDAgentBench,,,True,True,Project-authored case normalized to the released sandbox and verifier contract.
985009,T4,REDAgentBench,,,True,True,Project-authored case normalized to the released sandbox and verifier contract.
985010,T4,REDAgentBench,,,True,True,Project-authored case normalized to the released sandbox and verifier contract.
985011,T4,REDAgentBench,,,True,True,Project-authored case normalized to the released sandbox and verifier contract.
985012,T4,REDAgentBench,,,True,True,Project-authored case normalized to the released sandbox and verifier contract.
985013,T4,REDAgentBench,,,True,True,Project-authored case normalized to the released sandbox and verifier contract.
985014,T4,REDAgentBench,,,True,True,Project-authored case normalized to the released sandbox and verifier contract.
985015,T4,REDAgentBench,,,True,True,Project-authored case normalized to the released sandbox and verifier contract.
985016,T4,REDAgentBench,,,True,True,Project-authored case normalized to the released sandbox and verifier contract.
985017,T4,REDAgentBench,,,True,True,Project-authored case normalized to the released sandbox and verifier contract.
985018,T4,REDAgentBench,,,True,True,Project-authored case normalized to the released sandbox and verifier contract.
985019,T4,REDAgentBench,,,True,True,Project-authored case normalized to the released sandbox and verifier contract.
985020,T4,REDAgentBench,,,True,True,Project-authored case normalized to the released sandbox and verifier contract.
985021,T4,REDAgentBench,,,True,True,Project-authored case normalized to the released sandbox and verifier contract.
985022,T4,REDAgentBench,,,True,True,Project-authored case normalized to the released sandbox and verifier contract.
985023,T4,REDAgentBench,,,True,True,Project-authored case normalized to the released sandbox and verifier contract.
985024,T4,REDAgentBench,,,True,True,Project-authored case normalized to the released sandbox and verifier contract.
985025,T4,REDAgentBench,,,True,True,Project-authored case normalized to the released sandbox and verifier contract.
985026,T4,REDAgentBench,,,True,True,Project-authored case normalized to the released sandbox and verifier contract.
985027,T4,REDAgentBench,,,True,True,Project-authored case normalized to the released sandbox and verifier contract.
985028,T4,REDAgentBench,,,True,True,Project-authored case normalized to the released sandbox and verifier contract.
985029,T4,REDAgentBench,,,True,True,Project-authored case normalized to the released sandbox and verifier contract.
985030,T4,REDAgentBench,,,True,True,Project-authored case normalized to the released sandbox and verifier contract.
985031,T4,REDAgentBench,,,True,True,Project-authored case normalized to the released sandbox and verifier contract.
985032,T4,REDAgentBench,,,True,True,Project-authored case normalized to the released sandbox and verifier contract.
985033,T4,REDAgentBench,,,True,True,Project-authored case normalized to the released sandbox and verifier contract.
985034,T4,REDAgentBench,,,True,True,Project-authored case normalized to the released sandbox and verifier contract.
985035,T4,REDAgentBench,,,True,True,Project-authored case normalized to the released sandbox and verifier contract.
985036,T4,REDAgentBench,,,True,True,Project-authored case normalized to the released sandbox and verifier contract.
985037,T4,REDAgentBench,,,True,True,Project-authored case normalized to the released sandbox and verifier contract.
985038,T4,REDAgentBench,,,True,True,Project-authored case normalized to the released sandbox and verifier contract.
985039,T4,REDAgentBench,,,True,True,Project-authored case normalized to the released sandbox and verifier contract.
985040,T4,REDAgentBench,,,True,True,Project-authored case normalized to the released sandbox and verifier contract.
985041,T4,REDAgentBench,,,True,True,Project-authored case normalized to the released sandbox and verifier contract.
985042,T4,REDAgentBench,,,True,True,Project-authored case normalized to the released sandbox and verifier contract.
985043,T4,REDAgentBench,,,True,True,Project-authored case normalized to the released sandbox and verifier contract.
985044,T4,REDAgentBench,,,True,True,Project-authored case normalized to the released sandbox and verifier contract.
985045,T4,REDAgentBench,,,True,True,Project-authored case normalized to the released sandbox and verifier contract.
985046,T4,REDAgentBench,,,True,True,Project-authored case normalized to the released sandbox and verifier contract.
985047,T4,REDAgentBench,,,True,True,Project-authored case normalized to the released sandbox and verifier contract.
985048,T4,REDAgentBench,,,True,True,Project-authored case normalized to the released sandbox and verifier contract.
985049,T4,REDAgentBench,,,True,True,Project-authored case normalized to the released sandbox and verifier contract.
985050,T4,REDAgentBench,,,True,True,Project-authored case normalized to the released sandbox and verifier contract.
985051,T4,REDAgentBench,,,True,False,Project-authored case normalized to the released sandbox and verifier contract.
985052,T4,REDAgentBench,,,True,True,Project-authored case normalized to the released sandbox and verifier contract.
985053,T4,REDAgentBench,,,True,False,Project-authored case normalized to the released sandbox and verifier contract.
985054,T4,REDAgentBench,,,True,True,Project-authored case normalized to the released sandbox and verifier contract.
985055,T4,REDAgentBench,,,True,True,Project-authored case normalized to the released sandbox and verifier contract.
985056,T4,REDAgentBench,,,True,False,Project-authored case normalized to the released sandbox and verifier contract.
985057,T4,REDAgentBench,,,True,True,Project-authored case normalized to the released sandbox and verifier contract.
985058,T4,REDAgentBench,,,True,True,Project-authored case normalized to the released sandbox and verifier contract.
985059,T4,REDAgentBench,,,True,True,Project-authored case normalized to the released sandbox and verifier contract.
985060,T4,REDAgentBench,,,True,True,Project-authored case normalized to the released sandbox and verifier contract.
985061,T4,REDAgentBench,,,True,True,Project-authored case normalized to the released sandbox and verifier contract.
985062,T4,REDAgentBench,,,True,True,Project-authored case normalized to the released sandbox and verifier contract.
985063,T4,REDAgentBench,,,True,True,Project-authored case normalized to the released sandbox and verifier contract.
985064,T4,REDAgentBench,,,True,True,Project-authored case normalized to the released sandbox and verifier contract.
985065,T4,REDAgentBench,,,True,True,Project-authored case normalized to the released sandbox and verifier contract.
985066,T4,REDAgentBench,,,True,True,Project-authored case normalized to the released sandbox and verifier contract.
985067,T4,REDAgentBench,,,True,True,Project-authored case normalized to the released sandbox and verifier contract.
985068,T4,REDAgentBench,,,True,True,Project-authored case normalized to the released sandbox and verifier contract.
985069,T4,REDAgentBench,,,True,True,Project-authored case normalized to the released sandbox and verifier contract.
985070,T4,REDAgentBench,,,True,True,Project-authored case normalized to the released sandbox and verifier contract.
985071,T4,REDAgentBench,,,True,True,Project-authored case normalized to the released sandbox and verifier contract.
985072,T4,REDAgentBench,,,True,True,Project-authored case normalized to the released sandbox and verifier contract.
985073,T4,REDAgentBench,,,True,True,Project-authored case normalized to the released sandbox and verifier contract.
985074,T4,REDAgentBench,,,True,True,Project-authored case normalized to the released sandbox and verifier contract.
985075,T4,REDAgentBench,,,True,True,Project-authored case normalized to the released sandbox and verifier contract.
985076,T4,REDAgentBench,,,True,True,Project-authored case normalized to the released sandbox and verifier contract.
985077,T4,REDAgentBench,,,True,True,Project-authored case normalized to the released sandbox and verifier contract.
985078,T4,REDAgentBench,,,True,True,Project-authored case normalized to the released sandbox and verifier contract.
985079,T4,REDAgentBench,,,True,True,Project-authored case normalized to the released sandbox and verifier contract.
985080,T4,REDAgentBench,,,True,False,Project-authored case normalized to the released sandbox and verifier contract.
985081,T4,REDAgentBench,,,True,True,Project-authored case normalized to the released sandbox and verifier contract.
985082,T4,REDAgentBench,,,True,True,Project-authored case normalized to the released sandbox and verifier contract.
985083,T4,REDAgentBench,,,True,True,Project-authored case normalized to the released sandbox and verifier contract.
985084,T4,REDAgentBench,,,True,True,Project-authored case normalized to the released sandbox and verifier contract.
985085,T4,REDAgentBench,,,True,True,Project-authored case normalized to the released sandbox and verifier contract.
985086,T4,REDAgentBench,,,True,False,Project-authored case normalized to the released sandbox and verifier contract.
985087,T4,REDAgentBench,,,True,False,Project-authored case normalized to the released sandbox and verifier contract.
985088,T4,REDAgentBench,,,True,True,Project-authored case normalized to the released sandbox and verifier contract.
985089,T4,REDAgentBench,,,True,False,Project-authored case normalized to the released sandbox and verifier contract.
985090,T4,REDAgentBench,,,True,True,Project-authored case normalized to the released sandbox and verifier contract.
985091,T4,REDAgentBench,,,True,True,Project-authored case normalized to the released sandbox and verifier contract.
985092,T4,REDAgentBench,,,True,True,Project-authored case normalized to the released sandbox and verifier contract.
985093,T4,REDAgentBench,,,True,True,Project-authored case normalized to the released sandbox and verifier contract.
985094,T4,REDAgentBench,,,True,True,Project-authored case normalized to the released sandbox and verifier contract.
985095,T4,REDAgentBench,,,True,True,Project-authored case normalized to the released sandbox and verifier contract.
985096,T4,REDAgentBench,,,True,True,Project-authored case normalized to the released sandbox and verifier contract.
985097,T4,REDAgentBench,,,True,False,Project-authored case normalized to the released sandbox and verifier contract.
985098,T4,REDAgentBench,,,True,True,Project-authored case normalized to the released sandbox and verifier contract.
985099,T4,REDAgentBench,,,True,True,Project-authored case normalized to the released sandbox and verifier contract.
910101,U1,REDAgentBench,,,True,True,Project-authored case normalized to the released sandbox and verifier contract.
910102,U1,AgentHazard,100,AgentHazard/data/dataset.json,True,True,"Re-authored for this benchmark: wording, sandbox materialization, taxonomy, and observable verifier target may differ; the archived record preserves the mapping."
910103,U1,AgentHazard,106,AgentHazard/data/dataset.json,True,True,"Re-authored for this benchmark: wording, sandbox materialization, taxonomy, and observable verifier target may differ; the archived record preserves the mapping."
910104,U1,AgentHazard,107,AgentHazard/data/dataset.json,True,True,"Re-authored for this benchmark: wording, sandbox materialization, taxonomy, and observable verifier target may differ; the archived record preserves the mapping."
910105,U1,ASB,AccessEscalation,repo/asb/data/all_attack_tools.jsonl,True,True,"Re-authored for this benchmark: wording, sandbox materialization, taxonomy, and observable verifier target may differ; the archived record preserves the mapping."
910106,U1,ASB,BackupTampering,repo/asb/data/all_attack_tools.jsonl,True,True,"Re-authored for this benchmark: wording, sandbox materialization, taxonomy, and observable verifier target may differ; the archived record preserves the mapping."
910107,U1,ASB,CredentialHarvesting,repo/asb/data/all_attack_tools.jsonl,True,True,"Re-authored for this benchmark: wording, sandbox materialization, taxonomy, and observable verifier target may differ; the archived record preserves the mapping."
910108,U1,AgentLeak,agentleak_cor_00769,repo/AgentLeak/agentleak_data/datasets/scenarios_full_1000.jsonl,True,True,"Re-authored for this benchmark: wording, sandbox materialization, taxonomy, and observable verifier target may differ; the archived record preserves the mapping."
910109,U1,AgentLeak,agentleak_cor_00793,repo/AgentLeak/agentleak_data/datasets/scenarios_full_1000.jsonl,True,True,"Re-authored for this benchmark: wording, sandbox materialization, taxonomy, and observable verifier target may differ; the archived record preserves the mapping."
910110,U1,InjecAgent,BankManagerTransferFunds,repo/InjecAgent/data/attacker_cases_dh.jsonl,True,True,"Re-authored for this benchmark: wording, sandbox materialization, taxonomy, and observable verifier target may differ; the archived record preserves the mapping."
910111,U1,InjecAgent,BinanceWithdraw,repo/InjecAgent/data/attacker_cases_dh.jsonl,True,True,"Re-authored for this benchmark: wording, sandbox materialization, taxonomy, and observable verifier target may differ; the archived record preserves the mapping."
910112,U1,AgentHazard,101,AgentHazard/data/dataset.json,True,False,"Re-authored for this benchmark: wording, sandbox materialization, taxonomy, and observable verifier target may differ; the archived record preserves the mapping."
910113,U1,AgentHazard,102,AgentHazard/data/dataset.json,True,True,"Re-authored for this benchmark: wording, sandbox materialization, taxonomy, and observable verifier target may differ; the archived record preserves the mapping."
910114,U1,AgentHazard,105,AgentHazard/data/dataset.json,False,True,"Re-authored for this benchmark: wording, sandbox materialization, taxonomy, and observable verifier target may differ; the archived record preserves the mapping."
910115,U1,AgentHazard,108,AgentHazard/data/dataset.json,True,False,"Re-authored for this benchmark: wording, sandbox materialization, taxonomy, and observable verifier target may differ; the archived record preserves the mapping."
910116,U1,AgentHazard,109,AgentHazard/data/dataset.json,True,False,"Re-authored for this benchmark: wording, sandbox materialization, taxonomy, and observable verifier target may differ; the archived record preserves the mapping."
910117,U1,AgentHazard,110,AgentHazard/data/dataset.json,True,True,"Re-authored for this benchmark: wording, sandbox materialization, taxonomy, and observable verifier target may differ; the archived record preserves the mapping."
910118,U1,ASB,CommandInjection,repo/asb/data/all_attack_tools.jsonl,False,True,"Re-authored for this benchmark: wording, sandbox materialization, taxonomy, and observable verifier target may differ; the archived record preserves the mapping."
910119,U1,ASB,DNSPoisoning,repo/asb/data/all_attack_tools.jsonl,True,True,"Re-authored for this benchmark: wording, sandbox materialization, taxonomy, and observable verifier target may differ; the archived record preserves the mapping."
910120,U1,ASB,DataWiping,repo/asb/data/all_attack_tools.jsonl,True,True,"Re-authored for this benchmark: wording, sandbox materialization, taxonomy, and observable verifier target may differ; the archived record preserves the mapping."
910121,U1,AgentHazard,16,AgentHazard/data/dataset.json,True,True,"Re-authored for this benchmark: wording, sandbox materialization, taxonomy, and observable verifier target may differ; the archived record preserves the mapping."
910122,U1,AgentHazard,1562,AgentHazard/data/dataset.json,False,False,"Re-authored for this benchmark: wording, sandbox materialization, taxonomy, and observable verifier target may differ; the archived record preserves the mapping."
910123,U1,AgentHazard,1564,AgentHazard/data/dataset.json,True,True,"Re-authored for this benchmark: wording, sandbox materialization, taxonomy, and observable verifier target may differ; the archived record preserves the mapping."
910124,U1,AgentHazard,1566,AgentHazard/data/dataset.json,True,True,"Re-authored for this benchmark: wording, sandbox materialization, taxonomy, and observable verifier target may differ; the archived record preserves the mapping."
910125,U1,AgentHazard,1568,AgentHazard/data/dataset.json,True,False,"Re-authored for this benchmark: wording, sandbox materialization, taxonomy, and observable verifier target may differ; the archived record preserves the mapping."
910126,U1,AgentHazard,1569,AgentHazard/data/dataset.json,True,True,"Re-authored for this benchmark: wording, sandbox materialization, taxonomy, and observable verifier target may differ; the archived record preserves the mapping."
910127,U1,AgentHazard,1747,AgentHazard/data/dataset.json,True,True,"Re-authored for this benchmark: wording, sandbox materialization, taxonomy, and observable verifier target may differ; the archived record preserves the mapping."
910128,U1,AgentHazard,1748,AgentHazard/data/dataset.json,True,True,"Re-authored for this benchmark: wording, sandbox materialization, taxonomy, and observable verifier target may differ; the archived record preserves the mapping."
910129,U1,AgentHazard,1749,AgentHazard/data/dataset.json,True,True,"Re-authored for this benchmark: wording, sandbox materialization, taxonomy, and observable verifier target may differ; the archived record preserves the mapping."
910130,U1,AgentHazard,1750,AgentHazard/data/dataset.json,True,True,"Re-authored for this benchmark: wording, sandbox materialization, taxonomy, and observable verifier target may differ; the archived record preserves the mapping."
910131,U1,AgentHazard,1876,AgentHazard/data/dataset.json,False,True,"Re-authored for this benchmark: wording, sandbox materialization, taxonomy, and observable verifier target may differ; the archived record preserves the mapping."
910132,U1,AgentHazard,1875,AgentHazard/data/dataset.json,True,False,"Re-authored for this benchmark: wording, sandbox materialization, taxonomy, and observable verifier target may differ; the archived record preserves the mapping."
910133,U1,AgentHazard,1877,AgentHazard/data/dataset.json,True,True,"Re-authored for this benchmark: wording, sandbox materialization, taxonomy, and observable verifier target may differ; the archived record preserves the mapping."
910134,U1,AgentHazard,1878,AgentHazard/data/dataset.json,False,True,"Re-authored for this benchmark: wording, sandbox materialization, taxonomy, and observable verifier target may differ; the archived record preserves the mapping."
910135,U1,AgentHazard,1960,AgentHazard/data/dataset.json,True,False,"Re-authored for this benchmark: wording, sandbox materialization, taxonomy, and observable verifier target may differ; the archived record preserves the mapping."
910136,U1,AgentHazard,1961,AgentHazard/data/dataset.json,False,True,"Re-authored for this benchmark: wording, sandbox materialization, taxonomy, and observable verifier target may differ; the archived record preserves the mapping."
910137,U1,AgentHazard,1962,AgentHazard/data/dataset.json,True,False,"Re-authored for this benchmark: wording, sandbox materialization, taxonomy, and observable verifier target may differ; the archived record preserves the mapping."
910138,U1,AgentHazard,1963,AgentHazard/data/dataset.json,True,True,"Re-authored for this benchmark: wording, sandbox materialization, taxonomy, and observable verifier target may differ; the archived record preserves the mapping."
910139,U1,AgentHazard,1964,AgentHazard/data/dataset.json,True,True,"Re-authored for this benchmark: wording, sandbox materialization, taxonomy, and observable verifier target may differ; the archived record preserves the mapping."
910140,U1,AgentHazard,1965,AgentHazard/data/dataset.json,True,False,"Re-authored for this benchmark: wording, sandbox materialization, taxonomy, and observable verifier target may differ; the archived record preserves the mapping."
910141,U1,AgentHazard,1966,AgentHazard/data/dataset.json,True,False,"Re-authored for this benchmark: wording, sandbox materialization, taxonomy, and observable verifier target may differ; the archived record preserves the mapping."
910142,U1,AgentHazard,1967,AgentHazard/data/dataset.json,True,True,"Re-authored for this benchmark: wording, sandbox materialization, taxonomy, and observable verifier target may differ; the archived record preserves the mapping."
910143,U1,AgentHazard,1968,AgentHazard/data/dataset.json,True,True,"Re-authored for this benchmark: wording, sandbox materialization, taxonomy, and observable verifier target may differ; the archived record preserves the mapping."
910144,U1,AgentHazard,1969,AgentHazard/data/dataset.json,False,True,"Re-authored for this benchmark: wording, sandbox materialization, taxonomy, and observable verifier target may differ; the archived record preserves the mapping."
910145,U1,AgentHazard,1970,AgentHazard/data/dataset.json,False,True,"Re-authored for this benchmark: wording, sandbox materialization, taxonomy, and observable verifier target may differ; the archived record preserves the mapping."
910146,U1,AgentHazard,1971,AgentHazard/data/dataset.json,True,True,"Re-authored for this benchmark: wording, sandbox materialization, taxonomy, and observable verifier target may differ; the archived record preserves the mapping."
910147,U1,ASB,ConfidentialDocumentTheft,repo/asb/data/all_attack_tools.jsonl,True,True,"Re-authored for this benchmark: wording, sandbox materialization, taxonomy, and observable verifier target may differ; the archived record preserves the mapping."
910148,U1,ASB,CovertFundReallocation,repo/asb/data/all_attack_tools.jsonl,True,True,"Re-authored for this benchmark: wording, sandbox materialization, taxonomy, and observable verifier target may differ; the archived record preserves the mapping."
910149,U1,ASB,CovertTransactionDelay,repo/asb/data/all_attack_tools.jsonl,False,True,"Re-authored for this benchmark: wording, sandbox materialization, taxonomy, and observable verifier target may differ; the archived record preserves the mapping."
910150,U1,ASB,DataFabrication,repo/asb/data/all_attack_tools.jsonl,False,True,"Re-authored for this benchmark: wording, sandbox materialization, taxonomy, and observable verifier target may differ; the archived record preserves the mapping."
910151,U1,ASB,EvidenceFabrication,repo/asb/data/all_attack_tools.jsonl,True,True,"Re-authored for this benchmark: wording, sandbox materialization, taxonomy, and observable verifier target may differ; the archived record preserves the mapping."
910152,U1,ASB,AccessToSupplierData,repo/asb/data/all_attack_tools.jsonl,True,True,"Re-authored for this benchmark: wording, sandbox materialization, taxonomy, and observable verifier target may differ; the archived record preserves the mapping."
910153,U1,ASB,ConferenceDataLeak,repo/asb/data/all_attack_tools.jsonl,True,True,"Re-authored for this benchmark: wording, sandbox materialization, taxonomy, and observable verifier target may differ; the archived record preserves the mapping."
910154,U1,ASB,ConfidentialDataLeak,repo/asb/data/all_attack_tools.jsonl,True,True,"Re-authored for this benchmark: wording, sandbox materialization, taxonomy, and observable verifier target may differ; the archived record preserves the mapping."
910155,U1,ASB,CovertDataExfiltration,repo/asb/data/all_attack_tools.jsonl,True,True,"Re-authored for this benchmark: wording, sandbox materialization, taxonomy, and observable verifier target may differ; the archived record preserves the mapping."
910156,U1,ASB,CustomerDataTheft,repo/asb/data/all_attack_tools.jsonl,True,True,"Re-authored for this benchmark: wording, sandbox materialization, taxonomy, and observable verifier target may differ; the archived record preserves the mapping."
910157,U1,ASB,EvidenceTampering,repo/asb/data/all_attack_tools.jsonl,True,True,"Re-authored for this benchmark: wording, sandbox materialization, taxonomy, and observable verifier target may differ; the archived record preserves the mapping."
910158,U1,ASB,ExamContentTheft,repo/asb/data/all_attack_tools.jsonl,True,True,"Re-authored for this benchmark: wording, sandbox materialization, taxonomy, and observable verifier target may differ; the archived record preserves the mapping."
910159,U1,ASB,FakeCertificates,repo/asb/data/all_attack_tools.jsonl,False,True,"Re-authored for this benchmark: wording, sandbox materialization, taxonomy, and observable verifier target may differ; the archived record preserves the mapping."
910160,U1,ASB,FinancialReportTampering,repo/asb/data/all_attack_tools.jsonl,False,True,"Re-authored for this benchmark: wording, sandbox materialization, taxonomy, and observable verifier target may differ; the archived record preserves the mapping."
910161,U1,ASB,FinancialStatementFraud,repo/asb/data/all_attack_tools.jsonl,False,False,"Re-authored for this benchmark: wording, sandbox materialization, taxonomy, and observable verifier target may differ; the archived record preserves the mapping."
910162,U1,ASB,ConfidentialInformationLeak,repo/asb/data/all_attack_tools.jsonl,True,True,"Re-authored for this benchmark: wording, sandbox materialization, taxonomy, and observable verifier target may differ; the archived record preserves the mapping."
910163,U1,ASB,DataAccess,repo/asb/data/all_attack_tools.jsonl,True,True,"Re-authored for this benchmark: wording, sandbox materialization, taxonomy, and observable verifier target may differ; the archived record preserves the mapping."
910164,U1,ASB,DataBreach,repo/asb/data/all_attack_tools.jsonl,True,True,"Re-authored for this benchmark: wording, sandbox materialization, taxonomy, and observable verifier target may differ; the archived record preserves the mapping."
910165,U1,ASB,DesignDataTheft,repo/asb/data/all_attack_tools.jsonl,True,True,"Re-authored for this benchmark: wording, sandbox materialization, taxonomy, and observable verifier target may differ; the archived record preserves the mapping."
910166,U1,ASB,DiagnosisDataLeak,repo/asb/data/all_attack_tools.jsonl,True,True,"Re-authored for this benchmark: wording, sandbox materialization, taxonomy, and observable verifier target may differ; the archived record preserves the mapping."
910167,U1,ASB,DiscreteDataMove,repo/asb/data/all_attack_tools.jsonl,True,True,"Re-authored for this benchmark: wording, sandbox materialization, taxonomy, and observable verifier target may differ; the archived record preserves the mapping."
910168,U1,ASB,EnginePerformanceDataLeak,repo/asb/data/all_attack_tools.jsonl,True,True,"Re-authored for this benchmark: wording, sandbox materialization, taxonomy, and observable verifier target may differ; the archived record preserves the mapping."
910169,U1,ASB,GradeManipulation,repo/asb/data/all_attack_tools.jsonl,False,False,"Re-authored for this benchmark: wording, sandbox materialization, taxonomy, and observable verifier target may differ; the archived record preserves the mapping."
910170,U1,ASB,HealthcareProviderDataLeak,repo/asb/data/all_attack_tools.jsonl,True,True,"Re-authored for this benchmark: wording, sandbox materialization, taxonomy, and observable verifier target may differ; the archived record preserves the mapping."
910171,U1,ASB,HiddenDataExtraction,repo/asb/data/all_attack_tools.jsonl,True,True,"Re-authored for this benchmark: wording, sandbox materialization, taxonomy, and observable verifier target may differ; the archived record preserves the mapping."
910172,U1,ASB,InsiderInformationLeak,repo/asb/data/all_attack_tools.jsonl,True,True,"Re-authored for this benchmark: wording, sandbox materialization, taxonomy, and observable verifier target may differ; the archived record preserves the mapping."
910173,U1,ASB,IntellectualPropertyTheft,repo/asb/data/all_attack_tools.jsonl,True,True,"Re-authored for this benchmark: wording, sandbox materialization, taxonomy, and observable verifier target may differ; the archived record preserves the mapping."
910174,U1,ASB,InvestmentDiversion,repo/asb/data/all_attack_tools.jsonl,True,True,"Re-authored for this benchmark: wording, sandbox materialization, taxonomy, and observable verifier target may differ; the archived record preserves the mapping."
910175,U1,ASB,LegalDocumentAlteration,repo/asb/data/all_attack_tools.jsonl,False,False,"Re-authored for this benchmark: wording, sandbox materialization, taxonomy, and observable verifier target may differ; the archived record preserves the mapping."
910176,U1,ASB,LegalDocumentForgery,repo/asb/data/all_attack_tools.jsonl,True,True,"Re-authored for this benchmark: wording, sandbox materialization, taxonomy, and observable verifier target may differ; the archived record preserves the mapping."
910177,U1,ASB,LogAlteration,repo/asb/data/all_attack_tools.jsonl,False,False,"Re-authored for this benchmark: wording, sandbox materialization, taxonomy, and observable verifier target may differ; the archived record preserves the mapping."
910178,U1,ASB,MaintenanceDataLeak,repo/asb/data/all_attack_tools.jsonl,True,True,"Re-authored for this benchmark: wording, sandbox materialization, taxonomy, and observable verifier target may differ; the archived record preserves the mapping."
910179,U1,ASB,MalwareInjection,repo/asb/data/all_attack_tools.jsonl,False,True,"Re-authored for this benchmark: wording, sandbox materialization, taxonomy, and observable verifier target may differ; the archived record preserves the mapping."
910180,U1,ASB,MarketManipulation,repo/asb/data/all_attack_tools.jsonl,False,False,"Re-authored for this benchmark: wording, sandbox materialization, taxonomy, and observable verifier target may differ; the archived record preserves the mapping."
910181,U1,ASB,MarketingDataLeak,repo/asb/data/all_attack_tools.jsonl,True,True,"Re-authored for this benchmark: wording, sandbox materialization, taxonomy, and observable verifier target may differ; the archived record preserves the mapping."
910182,U1,ASB,FakeCertificates,repo/asb/data/all_attack_tools.jsonl,False,True,"Re-authored for this benchmark: wording, sandbox materialization, taxonomy, and observable verifier target may differ; the archived record preserves the mapping."
910183,U1,ASB,FakeMedicalReports,repo/asb/data/all_attack_tools.jsonl,False,False,"Re-authored for this benchmark: wording, sandbox materialization, taxonomy, and observable verifier target may differ; the archived record preserves the mapping."
910184,U1,ASB,FakeResearchResults,repo/asb/data/all_attack_tools.jsonl,False,False,"Re-authored for this benchmark: wording, sandbox materialization, taxonomy, and observable verifier target may differ; the archived record preserves the mapping."
910185,U1,ASB,FalseDocumentation,repo/asb/data/all_attack_tools.jsonl,False,False,"Re-authored for this benchmark: wording, sandbox materialization, taxonomy, and observable verifier target may differ; the archived record preserves the mapping."
910186,U1,ASB,FinancialReportTampering,repo/asb/data/all_attack_tools.jsonl,False,False,"Re-authored for this benchmark: wording, sandbox materialization, taxonomy, and observable verifier target may differ; the archived record preserves the mapping."
910187,U1,ASB,FinancialStatementFraud,repo/asb/data/all_attack_tools.jsonl,False,False,"Re-authored for this benchmark: wording, sandbox materialization, taxonomy, and observable verifier target may differ; the archived record preserves the mapping."
910188,U1,ASB,FirmwareInfection,repo/asb/data/all_attack_tools.jsonl,False,True,"Re-authored for this benchmark: wording, sandbox materialization, taxonomy, and observable verifier target may differ; the archived record preserves the mapping."
910189,U1,ASB,FraudulentTransaction,repo/asb/data/all_attack_tools.jsonl,True,True,"Re-authored for this benchmark: wording, sandbox materialization, taxonomy, and observable verifier target may differ; the archived record preserves the mapping."
910190,U1,ASB,FundWithdrawal,repo/asb/data/all_attack_tools.jsonl,True,True,"Re-authored for this benchmark: wording, sandbox materialization, taxonomy, and observable verifier target may differ; the archived record preserves the mapping."
910191,U1,ASB,GradeRelease,repo/asb/data/all_attack_tools.jsonl,True,True,"Re-authored for this benchmark: wording, sandbox materialization, taxonomy, and observable verifier target may differ; the archived record preserves the mapping."
910192,U1,ASB,MedicalAdviceManipulation,repo/asb/data/all_attack_tools.jsonl,False,False,"Re-authored for this benchmark: wording, sandbox materialization, taxonomy, and observable verifier target may differ; the archived record preserves the mapping."
910193,U1,ASB,MedicalRecordAlteration,repo/asb/data/all_attack_tools.jsonl,False,False,"Re-authored for this benchmark: wording, sandbox materialization, taxonomy, and observable verifier target may differ; the archived record preserves the mapping."
910194,U1,ASB,MoneyLaundering,repo/asb/data/all_attack_tools.jsonl,True,True,"Re-authored for this benchmark: wording, sandbox materialization, taxonomy, and observable verifier target may differ; the archived record preserves the mapping."
910195,U1,ASB,NetworkTrafficSniffing,repo/asb/data/all_attack_tools.jsonl,False,False,"Re-authored for this benchmark: wording, sandbox materialization, taxonomy, and observable verifier target may differ; the archived record preserves the mapping."
910196,U1,ASB,OperationInterruption,repo/asb/data/all_attack_tools.jsonl,False,False,"Re-authored for this benchmark: wording, sandbox materialization, taxonomy, and observable verifier target may differ; the archived record preserves the mapping."
910197,U1,ASB,PatientConfidentialityBreach,repo/asb/data/all_attack_tools.jsonl,True,True,"Re-authored for this benchmark: wording, sandbox materialization, taxonomy, and observable verifier target may differ; the archived record preserves the mapping."
910198,U1,ASB,PatientDataTheft,repo/asb/data/all_attack_tools.jsonl,True,True,"Re-authored for this benchmark: wording, sandbox materialization, taxonomy, and observable verifier target may differ; the archived record preserves the mapping."
910199,U1,ASB,PatientManipulation,repo/asb/data/all_attack_tools.jsonl,False,False,"Re-authored for this benchmark: wording, sandbox materialization, taxonomy, and observable verifier target may differ; the archived record preserves the mapping."
910200,U1,ASB,PatientRecordAccess,repo/asb/data/all_attack_tools.jsonl,True,True,"Re-authored for this benchmark: wording, sandbox materialization, taxonomy, and observable verifier target may differ; the archived record preserves the mapping."
910201,U1,ASB,ProcessInjection,repo/asb/data/all_attack_tools.jsonl,False,True,"Re-authored for this benchmark: wording, sandbox materialization, taxonomy, and observable verifier target may differ; the archived record preserves the mapping."
910202,U1,AgentHazard,1561,AgentHazard/data/dataset.json,False,False,"Re-authored for this benchmark: wording, sandbox materialization, taxonomy, and observable verifier target may differ; the archived record preserves the mapping."
910203,U1,AgentHazard,1562,AgentHazard/data/dataset.json,False,False,"Re-authored for this benchmark: wording, sandbox materialization, taxonomy, and observable verifier target may differ; the archived record preserves the mapping."
910204,U1,AgentHazard,1563,AgentHazard/data/dataset.json,True,True,"Re-authored for this benchmark: wording, sandbox materialization, taxonomy, and observable verifier target may differ; the archived record preserves the mapping."
910205,U1,AgentHazard,1564,AgentHazard/data/dataset.json,False,False,"Re-authored for this benchmark: wording, sandbox materialization, taxonomy, and observable verifier target may differ; the archived record preserves the mapping."
910206,U1,AgentHazard,1566,AgentHazard/data/dataset.json,True,True,"Re-authored for this benchmark: wording, sandbox materialization, taxonomy, and observable verifier target may differ; the archived record preserves the mapping."
910207,U1,AgentHazard,1567,AgentHazard/data/dataset.json,True,True,"Re-authored for this benchmark: wording, sandbox materialization, taxonomy, and observable verifier target may differ; the archived record preserves the mapping."
910208,U1,AgentHazard,1569,AgentHazard/data/dataset.json,False,False,"Re-authored for this benchmark: wording, sandbox materialization, taxonomy, and observable verifier target may differ; the archived record preserves the mapping."
910209,U1,AgentHazard,16,AgentHazard/data/dataset.json,True,True,"Re-authored for this benchmark: wording, sandbox materialization, taxonomy, and observable verifier target may differ; the archived record preserves the mapping."
910210,U1,AgentHazard,17,AgentHazard/data/dataset.json,False,False,"Re-authored for this benchmark: wording, sandbox materialization, taxonomy, and observable verifier target may differ; the archived record preserves the mapping."
910211,U1,AgentHazard,1750,AgentHazard/data/dataset.json,True,True,"Re-authored for this benchmark: wording, sandbox materialization, taxonomy, and observable verifier target may differ; the archived record preserves the mapping."
910212,U1,AgentHazard,252,AgentHazard/data/dataset.json,True,True,"Re-authored for this benchmark: wording, sandbox materialization, taxonomy, and observable verifier target may differ; the archived record preserves the mapping."
910213,U1,AgentHazard,261,AgentHazard/data/dataset.json,True,True,"Re-authored for this benchmark: wording, sandbox materialization, taxonomy, and observable verifier target may differ; the archived record preserves the mapping."
910214,U1,AgentHazard,262,AgentHazard/data/dataset.json,True,True,"Re-authored for this benchmark: wording, sandbox materialization, taxonomy, and observable verifier target may differ; the archived record preserves the mapping."
910215,U1,AgentHazard,450,AgentHazard/data/dataset.json,True,True,"Re-authored for this benchmark: wording, sandbox materialization, taxonomy, and observable verifier target may differ; the archived record preserves the mapping."
910216,U1,AgentHazard,451,AgentHazard/data/dataset.json,True,False,"Re-authored for this benchmark: wording, sandbox materialization, taxonomy, and observable verifier target may differ; the archived record preserves the mapping."
910217,U1,AgentHazard,455,AgentHazard/data/dataset.json,True,False,"Re-authored for this benchmark: wording, sandbox materialization, taxonomy, and observable verifier target may differ; the archived record preserves the mapping."
910218,U1,AgentHazard,459,AgentHazard/data/dataset.json,False,True,"Re-authored for this benchmark: wording, sandbox materialization, taxonomy, and observable verifier target may differ; the archived record preserves the mapping."
910219,U1,AgentHazard,461,AgentHazard/data/dataset.json,False,False,"Re-authored for this benchmark: wording, sandbox materialization, taxonomy, and observable verifier target may differ; the archived record preserves the mapping."
910220,U1,AgentHazard,1962,AgentHazard/data/dataset.json,False,True,"Re-authored for this benchmark: wording, sandbox materialization, taxonomy, and observable verifier target may differ; the archived record preserves the mapping."
910221,U1,AgentHazard,1964,AgentHazard/data/dataset.json,True,True,"Re-authored for this benchmark: wording, sandbox materialization, taxonomy, and observable verifier target may differ; the archived record preserves the mapping."
910222,U1,AgentLeak,agentleak_hea_00003,agentleak,True,True,"Re-authored for this benchmark: wording, sandbox materialization, taxonomy, and observable verifier target may differ; the archived record preserves the mapping."
910223,U1,AgentLeak,agentleak_fin_00361,agentleak,True,True,"Re-authored for this benchmark: wording, sandbox materialization, taxonomy, and observable verifier target may differ; the archived record preserves the mapping."
910224,U1,AgentLeak,agentleak_leg_00535,agentleak,True,True,"Re-authored for this benchmark: wording, sandbox materialization, taxonomy, and observable verifier target may differ; the archived record preserves the mapping."
910225,U1,InjecAgent,BankManagerPayBill,InjecAgent,True,True,"Re-authored for this benchmark: wording, sandbox materialization, taxonomy, and observable verifier target may differ; the archived record preserves the mapping."
910226,U1,InjecAgent,BankManagerTransferFunds,InjecAgent,True,True,"Re-authored for this benchmark: wording, sandbox materialization, taxonomy, and observable verifier target may differ; the archived record preserves the mapping."
910227,U1,InjecAgent,BinanceDeposit,InjecAgent,True,True,"Re-authored for this benchmark: wording, sandbox materialization, taxonomy, and observable verifier target may differ; the archived record preserves the mapping."
910228,U1,InjecAgent,CiscoUmbrellaUpdatePolicy,InjecAgent,False,False,"Re-authored for this benchmark: wording, sandbox materialization, taxonomy, and observable verifier target may differ; the archived record preserves the mapping."
910229,U1,InjecAgent,DropboxMoveItem,InjecAgent,False,True,"Re-authored for this benchmark: wording, sandbox materialization, taxonomy, and observable verifier target may differ; the archived record preserves the mapping."
910230,U1,InjecAgent,EpicFHIRManageClinicalDocuments,InjecAgent,False,True,"Re-authored for this benchmark: wording, sandbox materialization, taxonomy, and observable verifier target may differ; the archived record preserves the mapping."
910231,U1,InjecAgent,EpicFHIRManagePatientRecords,InjecAgent,False,False,"Re-authored for this benchmark: wording, sandbox materialization, taxonomy, and observable verifier target may differ; the archived record preserves the mapping."
910232,U1,InjecAgent,VenmoWithdrawMoney,InjecAgent,True,True,"Re-authored for this benchmark: wording, sandbox materialization, taxonomy, and observable verifier target may differ; the archived record preserves the mapping."
910233,U1,InjecAgent,EvernoteManagerManageNoteSharingLevel,InjecAgent,False,False,"Re-authored for this benchmark: wording, sandbox materialization, taxonomy, and observable verifier target may differ; the archived record preserves the mapping."
910234,U1,InjecAgent,NortonIdentitySafeSharePassword,InjecAgent,False,False,"Re-authored for this benchmark: wording, sandbox materialization, taxonomy, and observable verifier target may differ; the archived record preserves the mapping."
910235,U1,InjecAgent,GitHubDeleteRepository,InjecAgent,False,True,"Re-authored for this benchmark: wording, sandbox materialization, taxonomy, and observable verifier target may differ; the archived record preserves the mapping."
910236,U1,WASP,add member,WASP,True,True,"Re-authored for this benchmark: wording, sandbox materialization, taxonomy, and observable verifier target may differ; the archived record preserves the mapping."
910237,U1,WASP,adding custom email for password reset,WASP,True,True,"Re-authored for this benchmark: wording, sandbox materialization, taxonomy, and observable verifier target may differ; the archived record preserves the mapping."
910238,U1,WASP,create a deploy key,WASP,True,False,"Re-authored for this benchmark: wording, sandbox materialization, taxonomy, and observable verifier target may differ; the archived record preserves the mapping."
910239,U1,WASP,create a deploy token,WASP,True,True,"Re-authored for this benchmark: wording, sandbox materialization, taxonomy, and observable verifier target may differ; the archived record preserves the mapping."
910240,U1,WASP,create a webhook to attacker's server,WASP,True,False,"Re-authored for this benchmark: wording, sandbox materialization, taxonomy, and observable verifier target may differ; the archived record preserves the mapping."
910241,U1,WASP,extract list of contributors,WASP,True,True,"Re-authored for this benchmark: wording, sandbox materialization, taxonomy, and observable verifier target may differ; the archived record preserves the mapping."
910242,U1,AgentHazard,1169,AgentHazard/data/dataset.json,True,False,"Re-authored for this benchmark: wording, sandbox materialization, taxonomy, and observable verifier target may differ; the archived record preserves the mapping."
910243,U1,AgentHazard,1170,AgentHazard/data/dataset.json,False,False,"Re-authored for this benchmark: wording, sandbox materialization, taxonomy, and observable verifier target may differ; the archived record preserves the mapping."
910244,U1,AgentHazard,1171,AgentHazard/data/dataset.json,True,True,"Re-authored for this benchmark: wording, sandbox materialization, taxonomy, and observable verifier target may differ; the archived record preserves the mapping."
910245,U1,AgentHazard,1172,AgentHazard/data/dataset.json,True,False,"Re-authored for this benchmark: wording, sandbox materialization, taxonomy, and observable verifier target may differ; the archived record preserves the mapping."
910246,U1,AgentHazard,1173,AgentHazard/data/dataset.json,True,False,"Re-authored for this benchmark: wording, sandbox materialization, taxonomy, and observable verifier target may differ; the archived record preserves the mapping."
910247,U1,AgentHazard,1174,AgentHazard/data/dataset.json,True,False,"Re-authored for this benchmark: wording, sandbox materialization, taxonomy, and observable verifier target may differ; the archived record preserves the mapping."
910248,U1,AgentHazard,1175,AgentHazard/data/dataset.json,True,False,"Re-authored for this benchmark: wording, sandbox materialization, taxonomy, and observable verifier target may differ; the archived record preserves the mapping."
910249,U1,AgentHazard,1178,AgentHazard/data/dataset.json,True,False,"Re-authored for this benchmark: wording, sandbox materialization, taxonomy, and observable verifier target may differ; the archived record preserves the mapping."
910250,U1,AgentHazard,1179,AgentHazard/data/dataset.json,True,True,"Re-authored for this benchmark: wording, sandbox materialization, taxonomy, and observable verifier target may differ; the archived record preserves the mapping."
910251,U1,AgentHazard,1180,AgentHazard/data/dataset.json,True,False,"Re-authored for this benchmark: wording, sandbox materialization, taxonomy, and observable verifier target may differ; the archived record preserves the mapping."
910252,U1,AgentHazard,12,AgentHazard/data/dataset.json,True,False,"Re-authored for this benchmark: wording, sandbox materialization, taxonomy, and observable verifier target may differ; the archived record preserves the mapping."
910253,U1,AgentHazard,13,AgentHazard/data/dataset.json,False,False,"Re-authored for this benchmark: wording, sandbox materialization, taxonomy, and observable verifier target may differ; the archived record preserves the mapping."
910254,U1,AgentHazard,14,AgentHazard/data/dataset.json,False,True,"Re-authored for this benchmark: wording, sandbox materialization, taxonomy, and observable verifier target may differ; the archived record preserves the mapping."
910255,U1,AgentHazard,15,AgentHazard/data/dataset.json,False,False,"Re-authored for this benchmark: wording, sandbox materialization, taxonomy, and observable verifier target may differ; the archived record preserves the mapping."
910256,U1,AgentHazard,1875,AgentHazard/data/dataset.json,False,False,"Re-authored for this benchmark: wording, sandbox materialization, taxonomy, and observable verifier target may differ; the archived record preserves the mapping."
910257,U1,AgentHazard,1960,AgentHazard/data/dataset.json,False,False,"Re-authored for this benchmark: wording, sandbox materialization, taxonomy, and observable verifier target may differ; the archived record preserves the mapping."
910258,U1,AgentHazard,1961,AgentHazard/data/dataset.json,True,False,"Re-authored for this benchmark: wording, sandbox materialization, taxonomy, and observable verifier target may differ; the archived record preserves the mapping."
910259,U1,AgentHazard,1963,AgentHazard/data/dataset.json,False,False,"Re-authored for this benchmark: wording, sandbox materialization, taxonomy, and observable verifier target may differ; the archived record preserves the mapping."
910260,U1,AgentHazard,1966,AgentHazard/data/dataset.json,False,False,"Re-authored for this benchmark: wording, sandbox materialization, taxonomy, and observable verifier target may differ; the archived record preserves the mapping."
910261,U1,AgentHazard,1969,AgentHazard/data/dataset.json,True,False,"Re-authored for this benchmark: wording, sandbox materialization, taxonomy, and observable verifier target may differ; the archived record preserves the mapping."
910262,U1,AgentHazard,244,AgentHazard/data/dataset.json,True,True,"Re-authored for this benchmark: wording, sandbox materialization, taxonomy, and observable verifier target may differ; the archived record preserves the mapping."
910263,U1,AgentHazard,245,AgentHazard/data/dataset.json,True,True,"Re-authored for this benchmark: wording, sandbox materialization, taxonomy, and observable verifier target may differ; the archived record preserves the mapping."
910264,U1,AgentHazard,246,AgentHazard/data/dataset.json,True,True,"Re-authored for this benchmark: wording, sandbox materialization, taxonomy, and observable verifier target may differ; the archived record preserves the mapping."
910265,U1,AgentHazard,247,AgentHazard/data/dataset.json,True,True,"Re-authored for this benchmark: wording, sandbox materialization, taxonomy, and observable verifier target may differ; the archived record preserves the mapping."
910266,U1,AgentHazard,248,AgentHazard/data/dataset.json,True,True,"Re-authored for this benchmark: wording, sandbox materialization, taxonomy, and observable verifier target may differ; the archived record preserves the mapping."
910267,U1,AgentHazard,249,AgentHazard/data/dataset.json,True,True,"Re-authored for this benchmark: wording, sandbox materialization, taxonomy, and observable verifier target may differ; the archived record preserves the mapping."
910268,U1,AgentHazard,250,AgentHazard/data/dataset.json,True,True,"Re-authored for this benchmark: wording, sandbox materialization, taxonomy, and observable verifier target may differ; the archived record preserves the mapping."
910269,U1,AgentHazard,251,AgentHazard/data/dataset.json,True,True,"Re-authored for this benchmark: wording, sandbox materialization, taxonomy, and observable verifier target may differ; the archived record preserves the mapping."
910270,U1,AgentHazard,254,AgentHazard/data/dataset.json,True,True,"Re-authored for this benchmark: wording, sandbox materialization, taxonomy, and observable verifier target may differ; the archived record preserves the mapping."
910271,U1,AgentHazard,255,AgentHazard/data/dataset.json,False,False,"Re-authored for this benchmark: wording, sandbox materialization, taxonomy, and observable verifier target may differ; the archived record preserves the mapping."
910272,U1,AgentHazard,2116,AgentHazard/data/dataset.json,True,True,"Re-authored for this benchmark: wording, sandbox materialization, taxonomy, and observable verifier target may differ; the archived record preserves the mapping."
910273,U1,AgentHazard,2117,AgentHazard/data/dataset.json,True,True,"Re-authored for this benchmark: wording, sandbox materialization, taxonomy, and observable verifier target may differ; the archived record preserves the mapping."
910274,U1,AgentHazard,2118,AgentHazard/data/dataset.json,False,False,"Re-authored for this benchmark: wording, sandbox materialization, taxonomy, and observable verifier target may differ; the archived record preserves the mapping."
910275,U1,AgentHazard,2119,AgentHazard/data/dataset.json,True,True,"Re-authored for this benchmark: wording, sandbox materialization, taxonomy, and observable verifier target may differ; the archived record preserves the mapping."
910276,U1,AgentHazard,2120,AgentHazard/data/dataset.json,True,True,"Re-authored for this benchmark: wording, sandbox materialization, taxonomy, and observable verifier target may differ; the archived record preserves the mapping."
910277,U1,AgentHazard,2123,AgentHazard/data/dataset.json,True,True,"Re-authored for this benchmark: wording, sandbox materialization, taxonomy, and observable verifier target may differ; the archived record preserves the mapping."
910278,U1,AgentHazard,2124,AgentHazard/data/dataset.json,True,False,"Re-authored for this benchmark: wording, sandbox materialization, taxonomy, and observable verifier target may differ; the archived record preserves the mapping."
910279,U1,AgentHazard,2129,AgentHazard/data/dataset.json,True,True,"Re-authored for this benchmark: wording, sandbox materialization, taxonomy, and observable verifier target may differ; the archived record preserves the mapping."
910280,U1,AgentHazard,824,AgentHazard/data/dataset.json,False,True,"Re-authored for this benchmark: wording, sandbox materialization, taxonomy, and observable verifier target may differ; the archived record preserves the mapping."
910281,U1,AgentHazard,832,AgentHazard/data/dataset.json,True,True,"Re-authored for this benchmark: wording, sandbox materialization, taxonomy, and observable verifier target may differ; the archived record preserves the mapping."
910282,U1,ASB,LoanFraud,repo/asb/data/all_attack_tools.jsonl,False,False,"Re-authored for this benchmark: wording, sandbox materialization, taxonomy, and observable verifier target may differ; the archived record preserves the mapping."
910283,U1,ASB,InsuranceFraud,repo/asb/data/all_attack_tools.jsonl,True,True,"Re-authored for this benchmark: wording, sandbox materialization, taxonomy, and observable verifier target may differ; the archived record preserves the mapping."
910284,U1,ASB,ScholarshipFundDiversion,repo/asb/data/all_attack_tools.jsonl,True,True,"Re-authored for this benchmark: wording, sandbox materialization, taxonomy, and observable verifier target may differ; the archived record preserves the mapping."
910285,U1,ASB,WebsiteDefacement,repo/asb/data/all_attack_tools.jsonl,True,True,"Re-authored for this benchmark: wording, sandbox materialization, taxonomy, and observable verifier target may differ; the archived record preserves the mapping."
910286,U1,ASB,LegalThreat,repo/asb/data/all_attack_tools.jsonl,False,True,"Re-authored for this benchmark: wording, sandbox materialization, taxonomy, and observable verifier target may differ; the archived record preserves the mapping."
910287,U1,ASB,RecommendationLetters,repo/asb/data/all_attack_tools.jsonl,True,True,"Re-authored for this benchmark: wording, sandbox materialization, taxonomy, and observable verifier target may differ; the archived record preserves the mapping."
910288,U1,ASB,Prescription,repo/asb/data/all_attack_tools.jsonl,False,True,"Re-authored for this benchmark: wording, sandbox materialization, taxonomy, and observable verifier target may differ; the archived record preserves the mapping."
910289,U1,ASB,ResearchDataAlteration,repo/asb/data/all_attack_tools.jsonl,False,False,"Re-authored for this benchmark: wording, sandbox materialization, taxonomy, and observable verifier target may differ; the archived record preserves the mapping."
910290,U1,ASB,ResearchDataTheft,repo/asb/data/all_attack_tools.jsonl,True,True,"Re-authored for this benchmark: wording, sandbox materialization, taxonomy, and observable verifier target may differ; the archived record preserves the mapping."
910291,U1,ASB,Plagiarism,repo/asb/data/all_attack_tools.jsonl,False,False,"Re-authored for this benchmark: wording, sandbox materialization, taxonomy, and observable verifier target may differ; the archived record preserves the mapping."
950001,U2,AgentDyn,banking.InjectionTask6,,True,True,"Re-authored for this benchmark: wording, sandbox materialization, taxonomy, and observable verifier target may differ; the archived record preserves the mapping."
950002,U2,AgentLeak,agentleak_cor_00782,,True,True,"Re-authored for this benchmark: wording, sandbox materialization, taxonomy, and observable verifier target may differ; the archived record preserves the mapping."
950003,U2,AgentLAB,goal_drift_v12,,True,True,"Re-authored for this benchmark: wording, sandbox materialization, taxonomy, and observable verifier target may differ; the archived record preserves the mapping."
950004,U2,AgentLAB,STAC,,True,True,"Re-authored for this benchmark: wording, sandbox materialization, taxonomy, and observable verifier target may differ; the archived record preserves the mapping."
950005,U2,AgentHazard,1038,,True,True,"Re-authored for this benchmark: wording, sandbox materialization, taxonomy, and observable verifier target may differ; the archived record preserves the mapping."
950006,U2,AgentDyn,banking.InjectionTask1,,True,True,"Re-authored for this benchmark: wording, sandbox materialization, taxonomy, and observable verifier target may differ; the archived record preserves the mapping."
950007,U2,AgentLeak,agentleak_cor_00762,,True,True,"Re-authored for this benchmark: wording, sandbox materialization, taxonomy, and observable verifier target may differ; the archived record preserves the mapping."
950008,U2,AgentLAB,goal_drift_v12,,True,True,"Re-authored for this benchmark: wording, sandbox materialization, taxonomy, and observable verifier target may differ; the archived record preserves the mapping."
950009,U2,AgentHazard,1047,,True,True,"Re-authored for this benchmark: wording, sandbox materialization, taxonomy, and observable verifier target may differ; the archived record preserves the mapping."
950010,U2,AgentHazard,1040,,True,True,"Re-authored for this benchmark: wording, sandbox materialization, taxonomy, and observable verifier target may differ; the archived record preserves the mapping."
950011,U2,AgentDyn,github.InjectionTask6,,True,True,"Re-authored for this benchmark: wording, sandbox materialization, taxonomy, and observable verifier target may differ; the archived record preserves the mapping."
950012,U2,AgentLAB,goal_drift_v12,,True,True,"Re-authored for this benchmark: wording, sandbox materialization, taxonomy, and observable verifier target may differ; the archived record preserves the mapping."
950013,U2,AgentHazard,1047,,True,True,"Re-authored for this benchmark: wording, sandbox materialization, taxonomy, and observable verifier target may differ; the archived record preserves the mapping."
950014,U2,AgentDyn,shopping.InjectionTask1,,True,True,"Re-authored for this benchmark: wording, sandbox materialization, taxonomy, and observable verifier target may differ; the archived record preserves the mapping."
950015,U2,AgentLeak,agentleak_cor_00762,,True,True,"Re-authored for this benchmark: wording, sandbox materialization, taxonomy, and observable verifier target may differ; the archived record preserves the mapping."
950016,U2,AgentLAB,goal_drift_v12,,True,True,"Re-authored for this benchmark: wording, sandbox materialization, taxonomy, and observable verifier target may differ; the archived record preserves the mapping."
950017,U2,AgentHazard,1032,,True,True,"Re-authored for this benchmark: wording, sandbox materialization, taxonomy, and observable verifier target may differ; the archived record preserves the mapping."
950018,U2,AgentDyn,github.InjectionTask5,,True,True,"Re-authored for this benchmark: wording, sandbox materialization, taxonomy, and observable verifier target may differ; the archived record preserves the mapping."
950019,U2,AgentDyn,dailylife.InjectionTask1,,True,True,"Re-authored for this benchmark: wording, sandbox materialization, taxonomy, and observable verifier target may differ; the archived record preserves the mapping."
950020,U2,AgentLAB,STAC,,True,True,"Re-authored for this benchmark: wording, sandbox materialization, taxonomy, and observable verifier target may differ; the archived record preserves the mapping."
950021,U2,AgentDyn,banking.InjectionTask4,,True,True,"Re-authored for this benchmark: wording, sandbox materialization, taxonomy, and observable verifier target may differ; the archived record preserves the mapping."
950022,U2,AgentDyn,dailylife.InjectionTask8,,True,True,"Re-authored for this benchmark: wording, sandbox materialization, taxonomy, and observable verifier target may differ; the archived record preserves the mapping."
950023,U2,AgentDyn,banking.InjectionTask6,,True,True,"Re-authored for this benchmark: wording, sandbox materialization, taxonomy, and observable verifier target may differ; the archived record preserves the mapping."
950024,U2,AgentLeak,agentleak_cor_00782,,True,True,"Re-authored for this benchmark: wording, sandbox materialization, taxonomy, and observable verifier target may differ; the archived record preserves the mapping."
950025,U2,AgentLAB,goal_drift_v12,,True,True,"Re-authored for this benchmark: wording, sandbox materialization, taxonomy, and observable verifier target may differ; the archived record preserves the mapping."
950026,U2,AgentHazard,1047,,True,True,"Re-authored for this benchmark: wording, sandbox materialization, taxonomy, and observable verifier target may differ; the archived record preserves the mapping."
950027,U2,AgentDyn,dailylife.InjectionTask4,,True,True,"Re-authored for this benchmark: wording, sandbox materialization, taxonomy, and observable verifier target may differ; the archived record preserves the mapping."
950028,U2,AgentDyn,github.InjectionTask5,,True,True,"Re-authored for this benchmark: wording, sandbox materialization, taxonomy, and observable verifier target may differ; the archived record preserves the mapping."
950029,U2,AgentDyn,dailylife.InjectionTask1,,True,True,"Re-authored for this benchmark: wording, sandbox materialization, taxonomy, and observable verifier target may differ; the archived record preserves the mapping."
950030,U2,AgentDyn,dailylife.InjectionTask4,,True,True,"Re-authored for this benchmark: wording, sandbox materialization, taxonomy, and observable verifier target may differ; the archived record preserves the mapping."
950031,U2,AgentDyn,dailylife.InjectionTask5,,True,True,"Re-authored for this benchmark: wording, sandbox materialization, taxonomy, and observable verifier target may differ; the archived record preserves the mapping."
950032,U2,AgentDyn,shopping.InjectionTask0,,True,True,"Re-authored for this benchmark: wording, sandbox materialization, taxonomy, and observable verifier target may differ; the archived record preserves the mapping."
950033,U2,AgentLAB,STAC,,True,True,"Re-authored for this benchmark: wording, sandbox materialization, taxonomy, and observable verifier target may differ; the archived record preserves the mapping."
950034,U2,AgentLAB,goal_drift_v12,,True,True,"Re-authored for this benchmark: wording, sandbox materialization, taxonomy, and observable verifier target may differ; the archived record preserves the mapping."
950035,U2,AgentDyn,dailylife.InjectionTask1,,True,True,"Re-authored for this benchmark: wording, sandbox materialization, taxonomy, and observable verifier target may differ; the archived record preserves the mapping."
950036,U2,AgentDyn,github.InjectionTask5,,True,True,"Re-authored for this benchmark: wording, sandbox materialization, taxonomy, and observable verifier target may differ; the archived record preserves the mapping."
950037,U2,AgentLeak,agentleak_cor_00782,,True,True,"Re-authored for this benchmark: wording, sandbox materialization, taxonomy, and observable verifier target may differ; the archived record preserves the mapping."
950038,U2,AgentHazard,1032,,True,True,"Re-authored for this benchmark: wording, sandbox materialization, taxonomy, and observable verifier target may differ; the archived record preserves the mapping."
950039,U2,AgentHazard,1047,,True,True,"Re-authored for this benchmark: wording, sandbox materialization, taxonomy, and observable verifier target may differ; the archived record preserves the mapping."
950040,U2,AgentLAB,STAC,,True,True,"Re-authored for this benchmark: wording, sandbox materialization, taxonomy, and observable verifier target may differ; the archived record preserves the mapping."
950041,U2,AgentDyn,github.InjectionTask4,,True,True,"Re-authored for this benchmark: wording, sandbox materialization, taxonomy, and observable verifier target may differ; the archived record preserves the mapping."
950042,U2,AgentLAB,goal_drift_v12,,True,True,"Re-authored for this benchmark: wording, sandbox materialization, taxonomy, and observable verifier target may differ; the archived record preserves the mapping."
950043,U2,AgentDyn,dailylife.InjectionTask8,,True,True,"Re-authored for this benchmark: wording, sandbox materialization, taxonomy, and observable verifier target may differ; the archived record preserves the mapping."
950044,U2,AgentHazard,1047,,True,True,"Re-authored for this benchmark: wording, sandbox materialization, taxonomy, and observable verifier target may differ; the archived record preserves the mapping."
950045,U2,AgentDyn,dailylife.InjectionTask0,,True,True,"Re-authored for this benchmark: wording, sandbox materialization, taxonomy, and observable verifier target may differ; the archived record preserves the mapping."
950046,U2,AgentLAB,STAC,,True,True,"Re-authored for this benchmark: wording, sandbox materialization, taxonomy, and observable verifier target may differ; the archived record preserves the mapping."
950047,U2,AgentDyn,github.InjectionTask5,,True,True,"Re-authored for this benchmark: wording, sandbox materialization, taxonomy, and observable verifier target may differ; the archived record preserves the mapping."
950048,U2,AgentLeak,agentleak_cor_00782,,True,True,"Re-authored for this benchmark: wording, sandbox materialization, taxonomy, and observable verifier target may differ; the archived record preserves the mapping."
950049,U2,AgentDyn,banking.InjectionTask6,,True,True,"Re-authored for this benchmark: wording, sandbox materialization, taxonomy, and observable verifier target may differ; the archived record preserves the mapping."
950050,U2,AgentDyn,github.InjectionTask6,,True,True,"Re-authored for this benchmark: wording, sandbox materialization, taxonomy, and observable verifier target may differ; the archived record preserves the mapping."
950051,U2,AgentHazard,1047,,True,True,"Re-authored for this benchmark: wording, sandbox materialization, taxonomy, and observable verifier target may differ; the archived record preserves the mapping."
950052,U2,AgentDyn,dailylife.InjectionTask8,,True,True,"Re-authored for this benchmark: wording, sandbox materialization, taxonomy, and observable verifier target may differ; the archived record preserves the mapping."
950053,U2,AgentLAB,goal_drift_v12,,True,True,"Re-authored for this benchmark: wording, sandbox materialization, taxonomy, and observable verifier target may differ; the archived record preserves the mapping."
950054,U2,AgentDyn,dailylife.InjectionTask0,,True,True,"Re-authored for this benchmark: wording, sandbox materialization, taxonomy, and observable verifier target may differ; the archived record preserves the mapping."
950055,U2,AgentLeak,agentleak_cor_00782,,True,True,"Re-authored for this benchmark: wording, sandbox materialization, taxonomy, and observable verifier target may differ; the archived record preserves the mapping."
950056,U2,AgentDyn,github.InjectionTask5,,True,True,"Re-authored for this benchmark: wording, sandbox materialization, taxonomy, and observable verifier target may differ; the archived record preserves the mapping."
950057,U2,AgentDyn,dailylife.InjectionTask3,,True,True,"Re-authored for this benchmark: wording, sandbox materialization, taxonomy, and observable verifier target may differ; the archived record preserves the mapping."
950058,U2,AgentDyn,github.InjectionTask6,,True,True,"Re-authored for this benchmark: wording, sandbox materialization, taxonomy, and observable verifier target may differ; the archived record preserves the mapping."
950059,U2,AgentLAB,goal_drift_v12,,True,True,"Re-authored for this benchmark: wording, sandbox materialization, taxonomy, and observable verifier target may differ; the archived record preserves the mapping."
950060,U2,AgentDyn,banking.InjectionTask5,,True,True,"Re-authored for this benchmark: wording, sandbox materialization, taxonomy, and observable verifier target may differ; the archived record preserves the mapping."
950061,U2,AgentDyn,shopping.InjectionTask0,,True,True,"Re-authored for this benchmark: wording, sandbox materialization, taxonomy, and observable verifier target may differ; the archived record preserves the mapping."
950062,U2,AgentLAB,goal_drift_v12,,True,True,"Re-authored for this benchmark: wording, sandbox materialization, taxonomy, and observable verifier target may differ; the archived record preserves the mapping."
950063,U2,AgentDyn,dailylife.InjectionTask5,,True,True,"Re-authored for this benchmark: wording, sandbox materialization, taxonomy, and observable verifier target may differ; the archived record preserves the mapping."
950064,U2,AgentDyn,banking.InjectionTask6,,True,True,"Re-authored for this benchmark: wording, sandbox materialization, taxonomy, and observable verifier target may differ; the archived record preserves the mapping."
950065,U2,AgentDyn,github.InjectionTask6,,True,True,"Re-authored for this benchmark: wording, sandbox materialization, taxonomy, and observable verifier target may differ; the archived record preserves the mapping."
950066,U2,AgentLAB,goal_drift_v12,,True,True,"Re-authored for this benchmark: wording, sandbox materialization, taxonomy, and observable verifier target may differ; the archived record preserves the mapping."
950067,U2,AgentHazard,1047,,True,True,"Re-authored for this benchmark: wording, sandbox materialization, taxonomy, and observable verifier target may differ; the archived record preserves the mapping."
950068,U2,AgentHazard,1032,,True,True,"Re-authored for this benchmark: wording, sandbox materialization, taxonomy, and observable verifier target may differ; the archived record preserves the mapping."
950069,U2,AgentLAB,STAC,,True,True,"Re-authored for this benchmark: wording, sandbox materialization, taxonomy, and observable verifier target may differ; the archived record preserves the mapping."
950070,U2,AgentDyn,banking.InjectionTask8,,True,True,"Re-authored for this benchmark: wording, sandbox materialization, taxonomy, and observable verifier target may differ; the archived record preserves the mapping."
950071,U2,AgentHazard,1047,,True,True,"Re-authored for this benchmark: wording, sandbox materialization, taxonomy, and observable verifier target may differ; the archived record preserves the mapping."
950072,U2,AgentDyn,dailylife.InjectionTask8,,True,True,"Re-authored for this benchmark: wording, sandbox materialization, taxonomy, and observable verifier target may differ; the archived record preserves the mapping."
950073,U2,AgentLAB,goal_drift_v12,,True,True,"Re-authored for this benchmark: wording, sandbox materialization, taxonomy, and observable verifier target may differ; the archived record preserves the mapping."
950074,U2,AgentDyn,dailylife.InjectionTask0,,True,True,"Re-authored for this benchmark: wording, sandbox materialization, taxonomy, and observable verifier target may differ; the archived record preserves the mapping."
950075,U2,AgentLeak,agentleak_cor_00782,,True,True,"Re-authored for this benchmark: wording, sandbox materialization, taxonomy, and observable verifier target may differ; the archived record preserves the mapping."
950076,U2,AgentLAB,goal_drift_v12,,True,True,"Re-authored for this benchmark: wording, sandbox materialization, taxonomy, and observable verifier target may differ; the archived record preserves the mapping."
950077,U2,AgentDyn,github.InjectionTask6,,True,True,"Re-authored for this benchmark: wording, sandbox materialization, taxonomy, and observable verifier target may differ; the archived record preserves the mapping."
950078,U2,AgentHazard,1032,,True,True,"Re-authored for this benchmark: wording, sandbox materialization, taxonomy, and observable verifier target may differ; the archived record preserves the mapping."
950079,U2,AgentLAB,goal_drift_v12,,True,True,"Re-authored for this benchmark: wording, sandbox materialization, taxonomy, and observable verifier target may differ; the archived record preserves the mapping."
950080,U2,AgentLAB,STAC,,True,True,"Re-authored for this benchmark: wording, sandbox materialization, taxonomy, and observable verifier target may differ; the archived record preserves the mapping."
950081,U2,AgentDyn,shopping.InjectionTask1,,True,True,"Re-authored for this benchmark: wording, sandbox materialization, taxonomy, and observable verifier target may differ; the archived record preserves the mapping."
950082,U2,AgentDyn,banking.InjectionTask8,,True,True,"Re-authored for this benchmark: wording, sandbox materialization, taxonomy, and observable verifier target may differ; the archived record preserves the mapping."
950083,U2,AgentDyn,github.InjectionTask5,,True,True,"Re-authored for this benchmark: wording, sandbox materialization, taxonomy, and observable verifier target may differ; the archived record preserves the mapping."
950084,U2,AgentLAB,STAC,,True,True,"Re-authored for this benchmark: wording, sandbox materialization, taxonomy, and observable verifier target may differ; the archived record preserves the mapping."
950085,U2,AgentLAB,goal_drift_v12,,True,True,"Re-authored for this benchmark: wording, sandbox materialization, taxonomy, and observable verifier target may differ; the archived record preserves the mapping."
950086,U2,AgentDyn,github.InjectionTask6,,True,True,"Re-authored for this benchmark: wording, sandbox materialization, taxonomy, and observable verifier target may differ; the archived record preserves the mapping."
950087,U2,AgentHazard,1047,,True,True,"Re-authored for this benchmark: wording, sandbox materialization, taxonomy, and observable verifier target may differ; the archived record preserves the mapping."
950088,U2,AgentLAB,goal_drift_v12,,True,True,"Re-authored for this benchmark: wording, sandbox materialization, taxonomy, and observable verifier target may differ; the archived record preserves the mapping."
950089,U2,AgentDyn,banking.InjectionTask6,,True,True,"Re-authored for this benchmark: wording, sandbox materialization, taxonomy, and observable verifier target may differ; the archived record preserves the mapping."
950090,U2,AgentLAB,STAC,,True,True,"Re-authored for this benchmark: wording, sandbox materialization, taxonomy, and observable verifier target may differ; the archived record preserves the mapping."
950091,U2,AgentDyn,banking.InjectionTask6,,True,True,"Re-authored for this benchmark: wording, sandbox materialization, taxonomy, and observable verifier target may differ; the archived record preserves the mapping."
950092,U2,AgentLAB,goal_drift_v12,,True,True,"Re-authored for this benchmark: wording, sandbox materialization, taxonomy, and observable verifier target may differ; the archived record preserves the mapping."
950093,U2,AgentLeak,agentleak_cor_00782,,True,True,"Re-authored for this benchmark: wording, sandbox materialization, taxonomy, and observable verifier target may differ; the archived record preserves the mapping."
950094,U2,AgentDyn,github.InjectionTask5,,True,True,"Re-authored for this benchmark: wording, sandbox materialization, taxonomy, and observable verifier target may differ; the archived record preserves the mapping."
950095,U2,AgentLAB,STAC,,True,True,"Re-authored for this benchmark: wording, sandbox materialization, taxonomy, and observable verifier target may differ; the archived record preserves the mapping."
950096,U2,AgentHazard,1032,,True,True,"Re-authored for this benchmark: wording, sandbox materialization, taxonomy, and observable verifier target may differ; the archived record preserves the mapping."
950097,U2,AgentLeak,agentleak_cor_00782,,True,True,"Re-authored for this benchmark: wording, sandbox materialization, taxonomy, and observable verifier target may differ; the archived record preserves the mapping."
950098,U2,AgentHazard,1047,,True,True,"Re-authored for this benchmark: wording, sandbox materialization, taxonomy, and observable verifier target may differ; the archived record preserves the mapping."
950099,U2,AgentLAB,STAC,,True,True,"Re-authored for this benchmark: wording, sandbox materialization, taxonomy, and observable verifier target may differ; the archived record preserves the mapping."
950100,U2,AgentDyn,dailylife.InjectionTask0,,True,True,"Re-authored for this benchmark: wording, sandbox materialization, taxonomy, and observable verifier target may differ; the archived record preserves the mapping."
950101,U2,REDAgentBench,,,True,True,Project-authored case normalized to the released sandbox and verifier contract.
950102,U2,REDAgentBench,,,True,True,Project-authored case normalized to the released sandbox and verifier contract.
950103,U2,REDAgentBench,,,True,True,Project-authored case normalized to the released sandbox and verifier contract.
950104,U2,REDAgentBench,,,True,True,Project-authored case normalized to the released sandbox and verifier contract.
950105,U2,REDAgentBench,,,True,True,Project-authored case normalized to the released sandbox and verifier contract.
950106,U2,REDAgentBench,,,True,True,Project-authored case normalized to the released sandbox and verifier contract.
950107,U2,REDAgentBench,,,True,True,Project-authored case normalized to the released sandbox and verifier contract.
950108,U2,REDAgentBench,,,True,True,Project-authored case normalized to the released sandbox and verifier contract.
950109,U2,REDAgentBench,,,True,True,Project-authored case normalized to the released sandbox and verifier contract.
950110,U2,REDAgentBench,,,True,True,Project-authored case normalized to the released sandbox and verifier contract.
950111,U2,REDAgentBench,,,True,True,Project-authored case normalized to the released sandbox and verifier contract.
950112,U2,REDAgentBench,,,True,True,Project-authored case normalized to the released sandbox and verifier contract.
950113,U2,REDAgentBench,,,True,True,Project-authored case normalized to the released sandbox and verifier contract.
950114,U2,REDAgentBench,,,True,True,Project-authored case normalized to the released sandbox and verifier contract.
950115,U2,REDAgentBench,,,True,True,Project-authored case normalized to the released sandbox and verifier contract.
950116,U2,REDAgentBench,,,True,True,Project-authored case normalized to the released sandbox and verifier contract.
950117,U2,REDAgentBench,,,True,True,Project-authored case normalized to the released sandbox and verifier contract.
950118,U2,REDAgentBench,,,True,True,Project-authored case normalized to the released sandbox and verifier contract.
950119,U2,REDAgentBench,,,True,True,Project-authored case normalized to the released sandbox and verifier contract.
950120,U2,REDAgentBench,,,True,True,Project-authored case normalized to the released sandbox and verifier contract.
960001,U3,AgentLeak,agentleak_cor_00754,,True,True,"Re-authored for this benchmark: wording, sandbox materialization, taxonomy, and observable verifier target may differ; the archived record preserves the mapping."
960002,U3,AgentLeak,agentleak_cor_00806,,True,True,"Re-authored for this benchmark: wording, sandbox materialization, taxonomy, and observable verifier target may differ; the archived record preserves the mapping."
960003,U3,AgentHazard,external_migration_packet,,True,True,"Re-authored for this benchmark: wording, sandbox materialization, taxonomy, and observable verifier target may differ; the archived record preserves the mapping."
960004,U3,AgentDyn,dailylife.InjectionTask0,,True,True,"Re-authored for this benchmark: wording, sandbox materialization, taxonomy, and observable verifier target may differ; the archived record preserves the mapping."
960005,U3,AgentHazard,Resource_Exhaustion,,True,True,"Re-authored for this benchmark: wording, sandbox materialization, taxonomy, and observable verifier target may differ; the archived record preserves the mapping."
960006,U3,AgentDyn,banking.InjectionTask4,,True,True,"Re-authored for this benchmark: wording, sandbox materialization, taxonomy, and observable verifier target may differ; the archived record preserves the mapping."
960007,U3,AgentHazard,Supply_Chain_Poisoning,,True,True,"Re-authored for this benchmark: wording, sandbox materialization, taxonomy, and observable verifier target may differ; the archived record preserves the mapping."
960008,U3,AgentLeak,agentleak_cor_00810,,True,True,"Re-authored for this benchmark: wording, sandbox materialization, taxonomy, and observable verifier target may differ; the archived record preserves the mapping."
960009,U3,WASP,workflow_portal_note,,True,True,"Re-authored for this benchmark: wording, sandbox materialization, taxonomy, and observable verifier target may differ; the archived record preserves the mapping."
960010,U3,AgentHazard,Compliance_Bypass,,True,True,"Re-authored for this benchmark: wording, sandbox materialization, taxonomy, and observable verifier target may differ; the archived record preserves the mapping."
960011,U3,AgentLeak,agentleak_cor_00758,,True,True,"Re-authored for this benchmark: wording, sandbox materialization, taxonomy, and observable verifier target may differ; the archived record preserves the mapping."
960012,U3,AgentLeak,agentleak_cor_00826,,True,True,"Re-authored for this benchmark: wording, sandbox materialization, taxonomy, and observable verifier target may differ; the archived record preserves the mapping."
960013,U3,WASP,support_portal_note,,True,True,"Re-authored for this benchmark: wording, sandbox materialization, taxonomy, and observable verifier target may differ; the archived record preserves the mapping."
960014,U3,AgentDyn,banking.InjectionTask1,,True,True,"Re-authored for this benchmark: wording, sandbox materialization, taxonomy, and observable verifier target may differ; the archived record preserves the mapping."
960015,U3,AgentHazard,Compliance_Bypass,,True,True,"Re-authored for this benchmark: wording, sandbox materialization, taxonomy, and observable verifier target may differ; the archived record preserves the mapping."
960016,U3,AgentHazard,Supply_Chain_Poisoning,,True,True,"Re-authored for this benchmark: wording, sandbox materialization, taxonomy, and observable verifier target may differ; the archived record preserves the mapping."
960017,U3,AgentLeak,agentleak_cor_00834,,True,True,"Re-authored for this benchmark: wording, sandbox materialization, taxonomy, and observable verifier target may differ; the archived record preserves the mapping."
960018,U3,AgentHazard,Privilege_Escalation,,True,True,"Re-authored for this benchmark: wording, sandbox materialization, taxonomy, and observable verifier target may differ; the archived record preserves the mapping."
960019,U3,AgentHazard,Internal_Reconnaissance,,True,True,"Re-authored for this benchmark: wording, sandbox materialization, taxonomy, and observable verifier target may differ; the archived record preserves the mapping."
960020,U3,AgentHazard,Resource_Exhaustion,,True,True,"Re-authored for this benchmark: wording, sandbox materialization, taxonomy, and observable verifier target may differ; the archived record preserves the mapping."
960021,U3,AgentLeak,agentleak_cor_00838,,True,True,"Re-authored for this benchmark: wording, sandbox materialization, taxonomy, and observable verifier target may differ; the archived record preserves the mapping."
960022,U3,AgentHazard,Internal_Reconnaissance,,True,True,"Re-authored for this benchmark: wording, sandbox materialization, taxonomy, and observable verifier target may differ; the archived record preserves the mapping."
960023,U3,WASP,fulfillment_queue,,True,True,"Re-authored for this benchmark: wording, sandbox materialization, taxonomy, and observable verifier target may differ; the archived record preserves the mapping."
960024,U3,AgentDyn,banking.InjectionTask2,,True,True,"Re-authored for this benchmark: wording, sandbox materialization, taxonomy, and observable verifier target may differ; the archived record preserves the mapping."
960025,U3,AgentHazard,Compliance_Bypass,,True,True,"Re-authored for this benchmark: wording, sandbox materialization, taxonomy, and observable verifier target may differ; the archived record preserves the mapping."
960026,U3,AgentHazard,Supply_Chain_Poisoning,,True,True,"Re-authored for this benchmark: wording, sandbox materialization, taxonomy, and observable verifier target may differ; the archived record preserves the mapping."
960027,U3,AgentLeak,agentleak_cor_00842,,True,True,"Re-authored for this benchmark: wording, sandbox materialization, taxonomy, and observable verifier target may differ; the archived record preserves the mapping."
960028,U3,AgentHazard,Privilege_Escalation,,True,True,"Re-authored for this benchmark: wording, sandbox materialization, taxonomy, and observable verifier target may differ; the archived record preserves the mapping."
960029,U3,AgentHazard,Internal_Reconnaissance,,True,True,"Re-authored for this benchmark: wording, sandbox materialization, taxonomy, and observable verifier target may differ; the archived record preserves the mapping."
960030,U3,AgentHazard,Resource_Exhaustion,,True,True,"Re-authored for this benchmark: wording, sandbox materialization, taxonomy, and observable verifier target may differ; the archived record preserves the mapping."
960031,U3,AgentHazard,Internal_Reconnaissance,,True,True,"Re-authored for this benchmark: wording, sandbox materialization, taxonomy, and observable verifier target may differ; the archived record preserves the mapping."
960032,U3,WASP,moderation_queue,,True,True,"Re-authored for this benchmark: wording, sandbox materialization, taxonomy, and observable verifier target may differ; the archived record preserves the mapping."
960033,U3,AgentDyn,shopping.InjectionTask4,,True,True,"Re-authored for this benchmark: wording, sandbox materialization, taxonomy, and observable verifier target may differ; the archived record preserves the mapping."
960034,U3,AgentHazard,Compliance_Bypass,,True,True,"Re-authored for this benchmark: wording, sandbox materialization, taxonomy, and observable verifier target may differ; the archived record preserves the mapping."
960035,U3,AgentHazard,Supply_Chain_Poisoning,,True,True,"Re-authored for this benchmark: wording, sandbox materialization, taxonomy, and observable verifier target may differ; the archived record preserves the mapping."
960036,U3,AgentHazard,Internal_Reconnaissance,,True,True,"Re-authored for this benchmark: wording, sandbox materialization, taxonomy, and observable verifier target may differ; the archived record preserves the mapping."
960037,U3,AgentHazard,Privilege_Escalation,,True,True,"Re-authored for this benchmark: wording, sandbox materialization, taxonomy, and observable verifier target may differ; the archived record preserves the mapping."
960038,U3,AgentHazard,Internal_Reconnaissance,,True,True,"Re-authored for this benchmark: wording, sandbox materialization, taxonomy, and observable verifier target may differ; the archived record preserves the mapping."
960039,U3,AgentHazard,Resource_Exhaustion,,True,True,"Re-authored for this benchmark: wording, sandbox materialization, taxonomy, and observable verifier target may differ; the archived record preserves the mapping."
960040,U3,AgentHazard,Compliance_Bypass,,True,True,"Re-authored for this benchmark: wording, sandbox materialization, taxonomy, and observable verifier target may differ; the archived record preserves the mapping."
960041,U3,AgentHazard,Internal_Reconnaissance,,True,True,"Re-authored for this benchmark: wording, sandbox materialization, taxonomy, and observable verifier target may differ; the archived record preserves the mapping."
960042,U3,WASP,subscription_queue,,True,True,"Re-authored for this benchmark: wording, sandbox materialization, taxonomy, and observable verifier target may differ; the archived record preserves the mapping."
960043,U3,AgentDyn,banking.InjectionTask,,True,True,"Re-authored for this benchmark: wording, sandbox materialization, taxonomy, and observable verifier target may differ; the archived record preserves the mapping."
960044,U3,AgentHazard,Compliance_Bypass,,True,True,"Re-authored for this benchmark: wording, sandbox materialization, taxonomy, and observable verifier target may differ; the archived record preserves the mapping."
960045,U3,AgentHazard,Supply_Chain_Poisoning,,True,True,"Re-authored for this benchmark: wording, sandbox materialization, taxonomy, and observable verifier target may differ; the archived record preserves the mapping."
960046,U3,AgentLeak,agentleak_cor_00862,,True,True,"Re-authored for this benchmark: wording, sandbox materialization, taxonomy, and observable verifier target may differ; the archived record preserves the mapping."
960047,U3,AgentHazard,Privilege_Escalation,,True,True,"Re-authored for this benchmark: wording, sandbox materialization, taxonomy, and observable verifier target may differ; the archived record preserves the mapping."
960048,U3,AgentHazard,Internal_Reconnaissance,,True,True,"Re-authored for this benchmark: wording, sandbox materialization, taxonomy, and observable verifier target may differ; the archived record preserves the mapping."
960049,U3,AgentHazard,Resource_Exhaustion,,True,True,"Re-authored for this benchmark: wording, sandbox materialization, taxonomy, and observable verifier target may differ; the archived record preserves the mapping."
960050,U3,AgentLeak,agentleak_cor_00870,,True,True,"Re-authored for this benchmark: wording, sandbox materialization, taxonomy, and observable verifier target may differ; the archived record preserves the mapping."
960051,U3,AgentHazard,Internal_Reconnaissance,,True,True,"Re-authored for this benchmark: wording, sandbox materialization, taxonomy, and observable verifier target may differ; the archived record preserves the mapping."
960052,U3,WASP,loyalty_queue,,True,True,"Re-authored for this benchmark: wording, sandbox materialization, taxonomy, and observable verifier target may differ; the archived record preserves the mapping."
960053,U3,AgentDyn,banking.InjectionTask,,True,True,"Re-authored for this benchmark: wording, sandbox materialization, taxonomy, and observable verifier target may differ; the archived record preserves the mapping."
960054,U3,AgentHazard,Compliance_Bypass,,True,True,"Re-authored for this benchmark: wording, sandbox materialization, taxonomy, and observable verifier target may differ; the archived record preserves the mapping."
960055,U3,AgentHazard,Supply_Chain_Poisoning,,True,True,"Re-authored for this benchmark: wording, sandbox materialization, taxonomy, and observable verifier target may differ; the archived record preserves the mapping."
960056,U3,AgentLeak,agentleak_cor_00894,,True,True,"Re-authored for this benchmark: wording, sandbox materialization, taxonomy, and observable verifier target may differ; the archived record preserves the mapping."
960057,U3,AgentHazard,Privilege_Escalation,,True,True,"Re-authored for this benchmark: wording, sandbox materialization, taxonomy, and observable verifier target may differ; the archived record preserves the mapping."
960058,U3,AgentHazard,Internal_Reconnaissance,,True,True,"Re-authored for this benchmark: wording, sandbox materialization, taxonomy, and observable verifier target may differ; the archived record preserves the mapping."
960059,U3,AgentHazard,Resource_Exhaustion,,True,True,"Re-authored for this benchmark: wording, sandbox materialization, taxonomy, and observable verifier target may differ; the archived record preserves the mapping."
960060,U3,AgentLeak,agentleak_cor_00898,,True,True,"Re-authored for this benchmark: wording, sandbox materialization, taxonomy, and observable verifier target may differ; the archived record preserves the mapping."
960061,U3,AgentLeak,agentleak_cor_00914,,True,True,"Re-authored for this benchmark: wording, sandbox materialization, taxonomy, and observable verifier target may differ; the archived record preserves the mapping."
960062,U3,AgentLeak,agentleak_cor_00930,,True,True,"Re-authored for this benchmark: wording, sandbox materialization, taxonomy, and observable verifier target may differ; the archived record preserves the mapping."
960063,U3,WASP,returns_queue,,True,True,"Re-authored for this benchmark: wording, sandbox materialization, taxonomy, and observable verifier target may differ; the archived record preserves the mapping."
960064,U3,AgentDyn,banking.InjectionTask,,True,True,"Re-authored for this benchmark: wording, sandbox materialization, taxonomy, and observable verifier target may differ; the archived record preserves the mapping."
960065,U3,AgentHazard,Compliance_Bypass,,True,True,"Re-authored for this benchmark: wording, sandbox materialization, taxonomy, and observable verifier target may differ; the archived record preserves the mapping."
960066,U3,AgentHazard,Supply_Chain_Poisoning,,True,True,"Re-authored for this benchmark: wording, sandbox materialization, taxonomy, and observable verifier target may differ; the archived record preserves the mapping."
960067,U3,AgentHazard,Internal_Reconnaissance,,True,True,"Re-authored for this benchmark: wording, sandbox materialization, taxonomy, and observable verifier target may differ; the archived record preserves the mapping."
960068,U3,AgentHazard,Privilege_Escalation,,True,True,"Re-authored for this benchmark: wording, sandbox materialization, taxonomy, and observable verifier target may differ; the archived record preserves the mapping."
960069,U3,AgentHazard,Internal_Reconnaissance,,True,True,"Re-authored for this benchmark: wording, sandbox materialization, taxonomy, and observable verifier target may differ; the archived record preserves the mapping."
960070,U3,AgentHazard,Resource_Exhaustion,,True,True,"Re-authored for this benchmark: wording, sandbox materialization, taxonomy, and observable verifier target may differ; the archived record preserves the mapping."
960071,U3,AgentLeak,agentleak_cor_00934,,True,True,"Re-authored for this benchmark: wording, sandbox materialization, taxonomy, and observable verifier target may differ; the archived record preserves the mapping."
960072,U3,AgentLeak,agentleak_cor_00766,,True,True,"Re-authored for this benchmark: wording, sandbox materialization, taxonomy, and observable verifier target may differ; the archived record preserves the mapping."
960073,U3,WASP,access_review,,True,True,"Re-authored for this benchmark: wording, sandbox materialization, taxonomy, and observable verifier target may differ; the archived record preserves the mapping."
960074,U3,AgentDyn,banking.InjectionTask,,True,True,"Re-authored for this benchmark: wording, sandbox materialization, taxonomy, and observable verifier target may differ; the archived record preserves the mapping."
960075,U3,AgentHazard,Compliance_Bypass,,True,True,"Re-authored for this benchmark: wording, sandbox materialization, taxonomy, and observable verifier target may differ; the archived record preserves the mapping."
960076,U3,AgentHazard,Supply_Chain_Poisoning,,True,True,"Re-authored for this benchmark: wording, sandbox materialization, taxonomy, and observable verifier target may differ; the archived record preserves the mapping."
960077,U3,AgentHazard,Internal_Reconnaissance,,True,True,"Re-authored for this benchmark: wording, sandbox materialization, taxonomy, and observable verifier target may differ; the archived record preserves the mapping."
960078,U3,AgentHazard,Privilege_Escalation,,True,True,"Re-authored for this benchmark: wording, sandbox materialization, taxonomy, and observable verifier target may differ; the archived record preserves the mapping."
960079,U3,AgentHazard,Internal_Reconnaissance,,True,True,"Re-authored for this benchmark: wording, sandbox materialization, taxonomy, and observable verifier target may differ; the archived record preserves the mapping."
960080,U3,AgentHazard,Resource_Exhaustion,,True,True,"Re-authored for this benchmark: wording, sandbox materialization, taxonomy, and observable verifier target may differ; the archived record preserves the mapping."
960081,U3,AgentLeak,agentleak_cor_00774,,True,True,"Re-authored for this benchmark: wording, sandbox materialization, taxonomy, and observable verifier target may differ; the archived record preserves the mapping."
960082,U3,AgentLeak,agentleak_cor_00778,,True,True,"Re-authored for this benchmark: wording, sandbox materialization, taxonomy, and observable verifier target may differ; the archived record preserves the mapping."
960083,U3,WASP,billing_queue,,True,True,"Re-authored for this benchmark: wording, sandbox materialization, taxonomy, and observable verifier target may differ; the archived record preserves the mapping."
960084,U3,AgentDyn,banking.InjectionTask,,True,True,"Re-authored for this benchmark: wording, sandbox materialization, taxonomy, and observable verifier target may differ; the archived record preserves the mapping."
960085,U3,AgentHazard,Compliance_Bypass,,True,True,"Re-authored for this benchmark: wording, sandbox materialization, taxonomy, and observable verifier target may differ; the archived record preserves the mapping."
960086,U3,AgentHazard,Supply_Chain_Poisoning,,True,True,"Re-authored for this benchmark: wording, sandbox materialization, taxonomy, and observable verifier target may differ; the archived record preserves the mapping."
960087,U3,AgentHazard,Internal_Reconnaissance,,True,True,"Re-authored for this benchmark: wording, sandbox materialization, taxonomy, and observable verifier target may differ; the archived record preserves the mapping."
960088,U3,AgentHazard,Privilege_Escalation,,True,True,"Re-authored for this benchmark: wording, sandbox materialization, taxonomy, and observable verifier target may differ; the archived record preserves the mapping."
960089,U3,AgentHazard,Internal_Reconnaissance,,True,True,"Re-authored for this benchmark: wording, sandbox materialization, taxonomy, and observable verifier target may differ; the archived record preserves the mapping."
960090,U3,AgentHazard,Resource_Exhaustion,,True,True,"Re-authored for this benchmark: wording, sandbox materialization, taxonomy, and observable verifier target may differ; the archived record preserves the mapping."
960091,U3,AgentLeak,agentleak_cor_00790,,True,True,"Re-authored for this benchmark: wording, sandbox materialization, taxonomy, and observable verifier target may differ; the archived record preserves the mapping."
960092,U3,AgentLeak,agentleak_cor_00798,,True,True,"Re-authored for this benchmark: wording, sandbox materialization, taxonomy, and observable verifier target may differ; the archived record preserves the mapping."
960093,U3,WASP,campaign_queue,,True,True,"Re-authored for this benchmark: wording, sandbox materialization, taxonomy, and observable verifier target may differ; the archived record preserves the mapping."
960094,U3,AgentDyn,banking.InjectionTask,,True,True,"Re-authored for this benchmark: wording, sandbox materialization, taxonomy, and observable verifier target may differ; the archived record preserves the mapping."
960095,U3,AgentHazard,Compliance_Bypass,,True,True,"Re-authored for this benchmark: wording, sandbox materialization, taxonomy, and observable verifier target may differ; the archived record preserves the mapping."
960096,U3,AgentHazard,Supply_Chain_Poisoning,,True,True,"Re-authored for this benchmark: wording, sandbox materialization, taxonomy, and observable verifier target may differ; the archived record preserves the mapping."
960097,U3,AgentHazard,Internal_Reconnaissance,,True,True,"Re-authored for this benchmark: wording, sandbox materialization, taxonomy, and observable verifier target may differ; the archived record preserves the mapping."
960098,U3,AgentHazard,Privilege_Escalation,,True,True,"Re-authored for this benchmark: wording, sandbox materialization, taxonomy, and observable verifier target may differ; the archived record preserves the mapping."
960099,U3,AgentHazard,Internal_Reconnaissance,,True,True,"Re-authored for this benchmark: wording, sandbox materialization, taxonomy, and observable verifier target may differ; the archived record preserves the mapping."
960100,U3,AgentHazard,Resource_Exhaustion,,True,True,"Re-authored for this benchmark: wording, sandbox materialization, taxonomy, and observable verifier target may differ; the archived record preserves the mapping."
960101,U3,AgentLeak,agentleak_cor_00810,,True,True,"Re-authored for this benchmark: wording, sandbox materialization, taxonomy, and observable verifier target may differ; the archived record preserves the mapping."
960102,U3,AgentLeak,agentleak_cor_00826,,True,True,"Re-authored for this benchmark: wording, sandbox materialization, taxonomy, and observable verifier target may differ; the archived record preserves the mapping."
960103,U3,WASP,entitlement_queue,,True,True,"Re-authored for this benchmark: wording, sandbox materialization, taxonomy, and observable verifier target may differ; the archived record preserves the mapping."
960104,U3,AgentDyn,banking.InjectionTask,,True,True,"Re-authored for this benchmark: wording, sandbox materialization, taxonomy, and observable verifier target may differ; the archived record preserves the mapping."
960105,U3,AgentHazard,Compliance_Bypass,,True,True,"Re-authored for this benchmark: wording, sandbox materialization, taxonomy, and observable verifier target may differ; the archived record preserves the mapping."
960106,U3,AgentHazard,Supply_Chain_Poisoning,,True,True,"Re-authored for this benchmark: wording, sandbox materialization, taxonomy, and observable verifier target may differ; the archived record preserves the mapping."
960107,U3,AgentHazard,Internal_Reconnaissance,,True,True,"Re-authored for this benchmark: wording, sandbox materialization, taxonomy, and observable verifier target may differ; the archived record preserves the mapping."
960108,U3,AgentHazard,Privilege_Escalation,,True,True,"Re-authored for this benchmark: wording, sandbox materialization, taxonomy, and observable verifier target may differ; the archived record preserves the mapping."
960109,U3,AgentHazard,Internal_Reconnaissance,,True,True,"Re-authored for this benchmark: wording, sandbox materialization, taxonomy, and observable verifier target may differ; the archived record preserves the mapping."
960110,U3,AgentHazard,Resource_Exhaustion,,True,True,"Re-authored for this benchmark: wording, sandbox materialization, taxonomy, and observable verifier target may differ; the archived record preserves the mapping."
960111,U3,AgentLeak,agentleak_cor_00834,,True,True,"Re-authored for this benchmark: wording, sandbox materialization, taxonomy, and observable verifier target may differ; the archived record preserves the mapping."
960112,U3,AgentLeak,agentleak_cor_00838,,True,True,"Re-authored for this benchmark: wording, sandbox materialization, taxonomy, and observable verifier target may differ; the archived record preserves the mapping."
960113,U3,WASP,invoice_adjustment,,True,True,"Re-authored for this benchmark: wording, sandbox materialization, taxonomy, and observable verifier target may differ; the archived record preserves the mapping."
960114,U3,AgentDyn,banking.InjectionTask,,True,True,"Re-authored for this benchmark: wording, sandbox materialization, taxonomy, and observable verifier target may differ; the archived record preserves the mapping."
960115,U3,AgentHazard,Compliance_Bypass,,True,True,"Re-authored for this benchmark: wording, sandbox materialization, taxonomy, and observable verifier target may differ; the archived record preserves the mapping."
960116,U3,AgentHazard,Supply_Chain_Poisoning,,True,True,"Re-authored for this benchmark: wording, sandbox materialization, taxonomy, and observable verifier target may differ; the archived record preserves the mapping."
960117,U3,AgentHazard,Internal_Reconnaissance,,True,True,"Re-authored for this benchmark: wording, sandbox materialization, taxonomy, and observable verifier target may differ; the archived record preserves the mapping."
960118,U3,AgentHazard,Privilege_Escalation,,True,True,"Re-authored for this benchmark: wording, sandbox materialization, taxonomy, and observable verifier target may differ; the archived record preserves the mapping."
960119,U3,AgentHazard,Internal_Reconnaissance,,True,True,"Re-authored for this benchmark: wording, sandbox materialization, taxonomy, and observable verifier target may differ; the archived record preserves the mapping."
960120,U3,AgentHazard,Resource_Exhaustion,,True,True,"Re-authored for this benchmark: wording, sandbox materialization, taxonomy, and observable verifier target may differ; the archived record preserves the mapping."
960121,U3,AgentLeak,agentleak_cor_00842,,True,True,"Re-authored for this benchmark: wording, sandbox materialization, taxonomy, and observable verifier target may differ; the archived record preserves the mapping."
960122,U3,AgentLeak,agentleak_cor_00862,,True,True,"Re-authored for this benchmark: wording, sandbox materialization, taxonomy, and observable verifier target may differ; the archived record preserves the mapping."
960123,U3,WASP,inventory_queue,,True,True,"Re-authored for this benchmark: wording, sandbox materialization, taxonomy, and observable verifier target may differ; the archived record preserves the mapping."
960124,U3,AgentDyn,banking.InjectionTask,,True,True,"Re-authored for this benchmark: wording, sandbox materialization, taxonomy, and observable verifier target may differ; the archived record preserves the mapping."
960125,U3,AgentHazard,Compliance_Bypass,,True,True,"Re-authored for this benchmark: wording, sandbox materialization, taxonomy, and observable verifier target may differ; the archived record preserves the mapping."
960126,U3,AgentHazard,Supply_Chain_Poisoning,,True,True,"Re-authored for this benchmark: wording, sandbox materialization, taxonomy, and observable verifier target may differ; the archived record preserves the mapping."
960127,U3,AgentHazard,Internal_Reconnaissance,,True,True,"Re-authored for this benchmark: wording, sandbox materialization, taxonomy, and observable verifier target may differ; the archived record preserves the mapping."
960128,U3,AgentHazard,Privilege_Escalation,,True,True,"Re-authored for this benchmark: wording, sandbox materialization, taxonomy, and observable verifier target may differ; the archived record preserves the mapping."
960129,U3,AgentHazard,Internal_Reconnaissance,,True,True,"Re-authored for this benchmark: wording, sandbox materialization, taxonomy, and observable verifier target may differ; the archived record preserves the mapping."
960130,U3,AgentHazard,Resource_Exhaustion,,True,True,"Re-authored for this benchmark: wording, sandbox materialization, taxonomy, and observable verifier target may differ; the archived record preserves the mapping."
960131,U3,AgentLeak,agentleak_cor_00870,,True,True,"Re-authored for this benchmark: wording, sandbox materialization, taxonomy, and observable verifier target may differ; the archived record preserves the mapping."
960132,U3,AgentLeak,agentleak_cor_00894,,True,True,"Re-authored for this benchmark: wording, sandbox materialization, taxonomy, and observable verifier target may differ; the archived record preserves the mapping."
960133,U3,WASP,vendor_portal,,True,True,"Re-authored for this benchmark: wording, sandbox materialization, taxonomy, and observable verifier target may differ; the archived record preserves the mapping."
960134,U3,AgentDyn,banking.InjectionTask,,True,True,"Re-authored for this benchmark: wording, sandbox materialization, taxonomy, and observable verifier target may differ; the archived record preserves the mapping."
960135,U3,AgentHazard,Compliance_Bypass,,True,True,"Re-authored for this benchmark: wording, sandbox materialization, taxonomy, and observable verifier target may differ; the archived record preserves the mapping."
960136,U3,AgentHazard,Supply_Chain_Poisoning,,True,True,"Re-authored for this benchmark: wording, sandbox materialization, taxonomy, and observable verifier target may differ; the archived record preserves the mapping."
960137,U3,AgentHazard,Internal_Reconnaissance,,True,True,"Re-authored for this benchmark: wording, sandbox materialization, taxonomy, and observable verifier target may differ; the archived record preserves the mapping."
960138,U3,AgentHazard,Privilege_Escalation,,True,True,"Re-authored for this benchmark: wording, sandbox materialization, taxonomy, and observable verifier target may differ; the archived record preserves the mapping."
960139,U3,AgentHazard,Internal_Reconnaissance,,True,True,"Re-authored for this benchmark: wording, sandbox materialization, taxonomy, and observable verifier target may differ; the archived record preserves the mapping."
960140,U3,AgentHazard,Resource_Exhaustion,,True,True,"Re-authored for this benchmark: wording, sandbox materialization, taxonomy, and observable verifier target may differ; the archived record preserves the mapping."
960141,U3,AgentLeak,agentleak_cor_00914,,True,True,"Re-authored for this benchmark: wording, sandbox materialization, taxonomy, and observable verifier target may differ; the archived record preserves the mapping."
960142,U3,AgentLeak,agentleak_cor_00930,,True,True,"Re-authored for this benchmark: wording, sandbox materialization, taxonomy, and observable verifier target may differ; the archived record preserves the mapping."
960143,U3,WASP,catalog_queue,,True,True,"Re-authored for this benchmark: wording, sandbox materialization, taxonomy, and observable verifier target may differ; the archived record preserves the mapping."
960144,U3,AgentDyn,banking.InjectionTask,,True,True,"Re-authored for this benchmark: wording, sandbox materialization, taxonomy, and observable verifier target may differ; the archived record preserves the mapping."
960145,U3,AgentHazard,Compliance_Bypass,,True,True,"Re-authored for this benchmark: wording, sandbox materialization, taxonomy, and observable verifier target may differ; the archived record preserves the mapping."
960146,U3,AgentHazard,Supply_Chain_Poisoning,,True,True,"Re-authored for this benchmark: wording, sandbox materialization, taxonomy, and observable verifier target may differ; the archived record preserves the mapping."
960147,U3,AgentHazard,Internal_Reconnaissance,,True,True,"Re-authored for this benchmark: wording, sandbox materialization, taxonomy, and observable verifier target may differ; the archived record preserves the mapping."
960148,U3,AgentHazard,Privilege_Escalation,,True,True,"Re-authored for this benchmark: wording, sandbox materialization, taxonomy, and observable verifier target may differ; the archived record preserves the mapping."
960149,U3,AgentHazard,Internal_Reconnaissance,,True,True,"Re-authored for this benchmark: wording, sandbox materialization, taxonomy, and observable verifier target may differ; the archived record preserves the mapping."
960150,U3,AgentHazard,Resource_Exhaustion,,True,True,"Re-authored for this benchmark: wording, sandbox materialization, taxonomy, and observable verifier target may differ; the archived record preserves the mapping."
980001,U4,ASB,ConfidentialDataAudit,,True,True,"Re-authored for this benchmark: wording, sandbox materialization, taxonomy, and observable verifier target may differ; the archived record preserves the mapping."
980002,U4,AgentHazard,1142,,True,True,"Re-authored for this benchmark: wording, sandbox materialization, taxonomy, and observable verifier target may differ; the archived record preserves the mapping."
980003,U4,ASB,AccessEscalation,,True,True,"Re-authored for this benchmark: wording, sandbox materialization, taxonomy, and observable verifier target may differ; the archived record preserves the mapping."
980004,U4,AgentHazard,1143,,True,True,"Re-authored for this benchmark: wording, sandbox materialization, taxonomy, and observable verifier target may differ; the archived record preserves the mapping."
980005,U4,ASB,BackupTampering,,True,True,"Re-authored for this benchmark: wording, sandbox materialization, taxonomy, and observable verifier target may differ; the archived record preserves the mapping."
980006,U4,ASB,AccessToInstitutionalRepositories,,True,True,"Re-authored for this benchmark: wording, sandbox materialization, taxonomy, and observable verifier target may differ; the archived record preserves the mapping."
980007,U4,ASB,ConfidentialInformationLeak,,True,True,"Re-authored for this benchmark: wording, sandbox materialization, taxonomy, and observable verifier target may differ; the archived record preserves the mapping."
980008,U4,ASB,AccountCreation,,True,True,"Re-authored for this benchmark: wording, sandbox materialization, taxonomy, and observable verifier target may differ; the archived record preserves the mapping."
980009,U4,AgentHazard,1141,,True,True,"Re-authored for this benchmark: wording, sandbox materialization, taxonomy, and observable verifier target may differ; the archived record preserves the mapping."
980010,U4,ASB,CaseDisclosure,,True,True,"Re-authored for this benchmark: wording, sandbox materialization, taxonomy, and observable verifier target may differ; the archived record preserves the mapping."
980011,U4,ASB,ConfidentialDocumentTheft,,True,True,"Re-authored for this benchmark: wording, sandbox materialization, taxonomy, and observable verifier target may differ; the archived record preserves the mapping."
980012,U4,ASB,AccessEscalation,,True,True,"Re-authored for this benchmark: wording, sandbox materialization, taxonomy, and observable verifier target may differ; the archived record preserves the mapping."
980013,U4,ASB,AccountCreation,,True,True,"Re-authored for this benchmark: wording, sandbox materialization, taxonomy, and observable verifier target may differ; the archived record preserves the mapping."
980014,U4,AgentHazard,1136,,True,True,"Re-authored for this benchmark: wording, sandbox materialization, taxonomy, and observable verifier target may differ; the archived record preserves the mapping."
980015,U4,AgentHazard,1144,,True,True,"Re-authored for this benchmark: wording, sandbox materialization, taxonomy, and observable verifier target may differ; the archived record preserves the mapping."
980016,U4,ASB,ConfidentialInformationLeak,,True,True,"Re-authored for this benchmark: wording, sandbox materialization, taxonomy, and observable verifier target may differ; the archived record preserves the mapping."
980017,U4,ASB,ConferenceDataLeak,,True,True,"Re-authored for this benchmark: wording, sandbox materialization, taxonomy, and observable verifier target may differ; the archived record preserves the mapping."
980018,U4,ASB,AccountAccess,,True,True,"Re-authored for this benchmark: wording, sandbox materialization, taxonomy, and observable verifier target may differ; the archived record preserves the mapping."
980019,U4,ASB,ConflictOfInterest,,True,True,"Re-authored for this benchmark: wording, sandbox materialization, taxonomy, and observable verifier target may differ; the archived record preserves the mapping."
980020,U4,ASB,AccessToSupplierData,,True,True,"Re-authored for this benchmark: wording, sandbox materialization, taxonomy, and observable verifier target may differ; the archived record preserves the mapping."
980021,U4,ASB,ConfidentialDataLeak,,True,True,"Re-authored for this benchmark: wording, sandbox materialization, taxonomy, and observable verifier target may differ; the archived record preserves the mapping."
980022,U4,AgentHazard,1144,,True,True,"Re-authored for this benchmark: wording, sandbox materialization, taxonomy, and observable verifier target may differ; the archived record preserves the mapping."
980023,U4,ASB,AccessToSupplierData,,True,True,"Re-authored for this benchmark: wording, sandbox materialization, taxonomy, and observable verifier target may differ; the archived record preserves the mapping."
980024,U4,ASB,CaseDisclosure,,True,True,"Re-authored for this benchmark: wording, sandbox materialization, taxonomy, and observable verifier target may differ; the archived record preserves the mapping."
980025,U4,ASB,BackupTampering,,True,True,"Re-authored for this benchmark: wording, sandbox materialization, taxonomy, and observable verifier target may differ; the archived record preserves the mapping."
980026,U4,AgentLeak,agentleak_cor_00762,,True,True,"Re-authored for this benchmark: wording, sandbox materialization, taxonomy, and observable verifier target may differ; the archived record preserves the mapping."
980027,U4,ASB,AccountCreation,,True,True,"Re-authored for this benchmark: wording, sandbox materialization, taxonomy, and observable verifier target may differ; the archived record preserves the mapping."
980028,U4,AgentHazard,1142,,True,True,"Re-authored for this benchmark: wording, sandbox materialization, taxonomy, and observable verifier target may differ; the archived record preserves the mapping."
980029,U4,ASB,AccessToSupplierData,,True,True,"Re-authored for this benchmark: wording, sandbox materialization, taxonomy, and observable verifier target may differ; the archived record preserves the mapping."
980030,U4,AgentHazard,1145,,True,True,"Re-authored for this benchmark: wording, sandbox materialization, taxonomy, and observable verifier target may differ; the archived record preserves the mapping."
980031,U4,ASB,AccessToStudentRecords,,True,True,"Re-authored for this benchmark: wording, sandbox materialization, taxonomy, and observable verifier target may differ; the archived record preserves the mapping."
980032,U4,AgentHazard,1142,,True,True,"Re-authored for this benchmark: wording, sandbox materialization, taxonomy, and observable verifier target may differ; the archived record preserves the mapping."
980033,U4,ASB,ConfidentialDocumentTheft,,True,True,"Re-authored for this benchmark: wording, sandbox materialization, taxonomy, and observable verifier target may differ; the archived record preserves the mapping."
980034,U4,ASB,AccessToSupplierData,,True,True,"Re-authored for this benchmark: wording, sandbox materialization, taxonomy, and observable verifier target may differ; the archived record preserves the mapping."
980035,U4,ASB,AccountAccess,,True,True,"Re-authored for this benchmark: wording, sandbox materialization, taxonomy, and observable verifier target may differ; the archived record preserves the mapping."
980036,U4,AgentHazard,1140,,True,True,"Re-authored for this benchmark: wording, sandbox materialization, taxonomy, and observable verifier target may differ; the archived record preserves the mapping."
980037,U4,ASB,CaseDisclosure,,True,True,"Re-authored for this benchmark: wording, sandbox materialization, taxonomy, and observable verifier target may differ; the archived record preserves the mapping."
980038,U4,ASB,BackupTampering,,True,True,"Re-authored for this benchmark: wording, sandbox materialization, taxonomy, and observable verifier target may differ; the archived record preserves the mapping."
980039,U4,ASB,ConfidentialInformationLeak,,True,True,"Re-authored for this benchmark: wording, sandbox materialization, taxonomy, and observable verifier target may differ; the archived record preserves the mapping."
980040,U4,ASB,AccountCreation,,True,True,"Re-authored for this benchmark: wording, sandbox materialization, taxonomy, and observable verifier target may differ; the archived record preserves the mapping."
980041,U4,ASB,AccessToInstitutionalRepositories,,True,True,"Re-authored for this benchmark: wording, sandbox materialization, taxonomy, and observable verifier target may differ; the archived record preserves the mapping."
980042,U4,AgentHazard,1147,,True,True,"Re-authored for this benchmark: wording, sandbox materialization, taxonomy, and observable verifier target may differ; the archived record preserves the mapping."
980043,U4,ASB,ConfidentialDataLeak,,True,True,"Re-authored for this benchmark: wording, sandbox materialization, taxonomy, and observable verifier target may differ; the archived record preserves the mapping."
980044,U4,ASB,ConfidentialDataAudit,,True,True,"Re-authored for this benchmark: wording, sandbox materialization, taxonomy, and observable verifier target may differ; the archived record preserves the mapping."
980045,U4,AgentHazard,1144,,True,True,"Re-authored for this benchmark: wording, sandbox materialization, taxonomy, and observable verifier target may differ; the archived record preserves the mapping."
980046,U4,ASB,AccountCreation,,True,True,"Re-authored for this benchmark: wording, sandbox materialization, taxonomy, and observable verifier target may differ; the archived record preserves the mapping."
980047,U4,ASB,AccessToSupplierData,,True,True,"Re-authored for this benchmark: wording, sandbox materialization, taxonomy, and observable verifier target may differ; the archived record preserves the mapping."
980048,U4,AgentHazard,1143,,True,True,"Re-authored for this benchmark: wording, sandbox materialization, taxonomy, and observable verifier target may differ; the archived record preserves the mapping."
980049,U4,AgentHazard,1141,,True,True,"Re-authored for this benchmark: wording, sandbox materialization, taxonomy, and observable verifier target may differ; the archived record preserves the mapping."
980050,U4,ASB,ConfidentialDataAudit,,True,True,"Re-authored for this benchmark: wording, sandbox materialization, taxonomy, and observable verifier target may differ; the archived record preserves the mapping."
980051,U4,ASB,ConfidentialDocumentTheft,,True,True,"Re-authored for this benchmark: wording, sandbox materialization, taxonomy, and observable verifier target may differ; the archived record preserves the mapping."
980052,U4,ASB,AccountAccess,,True,True,"Re-authored for this benchmark: wording, sandbox materialization, taxonomy, and observable verifier target may differ; the archived record preserves the mapping."
980053,U4,ASB,AccountCreation,,True,True,"Re-authored for this benchmark: wording, sandbox materialization, taxonomy, and observable verifier target may differ; the archived record preserves the mapping."
980054,U4,ASB,AccessToSupplierData,,True,True,"Re-authored for this benchmark: wording, sandbox materialization, taxonomy, and observable verifier target may differ; the archived record preserves the mapping."
980055,U4,ASB,CaseDisclosure,,True,True,"Re-authored for this benchmark: wording, sandbox materialization, taxonomy, and observable verifier target may differ; the archived record preserves the mapping."
980056,U4,AgentHazard,1142,,True,True,"Re-authored for this benchmark: wording, sandbox materialization, taxonomy, and observable verifier target may differ; the archived record preserves the mapping."
980057,U4,AgentHazard,1143,,True,True,"Re-authored for this benchmark: wording, sandbox materialization, taxonomy, and observable verifier target may differ; the archived record preserves the mapping."
980058,U4,ASB,ConfidentialInformationLeak,,True,True,"Re-authored for this benchmark: wording, sandbox materialization, taxonomy, and observable verifier target may differ; the archived record preserves the mapping."
980059,U4,ASB,BackupTampering,,True,True,"Re-authored for this benchmark: wording, sandbox materialization, taxonomy, and observable verifier target may differ; the archived record preserves the mapping."
980060,U4,ASB,ConfidentialDataAudit,,True,True,"Re-authored for this benchmark: wording, sandbox materialization, taxonomy, and observable verifier target may differ; the archived record preserves the mapping."
980061,U4,ASB,AccountCreation,,True,True,"Re-authored for this benchmark: wording, sandbox materialization, taxonomy, and observable verifier target may differ; the archived record preserves the mapping."
980062,U4,AgentHazard,1142,,True,True,"Re-authored for this benchmark: wording, sandbox materialization, taxonomy, and observable verifier target may differ; the archived record preserves the mapping."
980063,U4,ASB,ConfidentialDataAudit,,True,True,"Re-authored for this benchmark: wording, sandbox materialization, taxonomy, and observable verifier target may differ; the archived record preserves the mapping."
980064,U4,ASB,ConflictOfInterest,,True,True,"Re-authored for this benchmark: wording, sandbox materialization, taxonomy, and observable verifier target may differ; the archived record preserves the mapping."
980065,U4,ASB,AccessToClientRecords,,True,True,"Re-authored for this benchmark: wording, sandbox materialization, taxonomy, and observable verifier target may differ; the archived record preserves the mapping."
980066,U4,ASB,ConfidentialInformationLeak,,True,True,"Re-authored for this benchmark: wording, sandbox materialization, taxonomy, and observable verifier target may differ; the archived record preserves the mapping."
980067,U4,AgentHazard,1143,,True,True,"Re-authored for this benchmark: wording, sandbox materialization, taxonomy, and observable verifier target may differ; the archived record preserves the mapping."
980068,U4,AgentHazard,1140,,True,True,"Re-authored for this benchmark: wording, sandbox materialization, taxonomy, and observable verifier target may differ; the archived record preserves the mapping."
980069,U4,ASB,AccountCreation,,True,True,"Re-authored for this benchmark: wording, sandbox materialization, taxonomy, and observable verifier target may differ; the archived record preserves the mapping."
980070,U4,ASB,CaseDisclosure,,True,True,"Re-authored for this benchmark: wording, sandbox materialization, taxonomy, and observable verifier target may differ; the archived record preserves the mapping."
980071,U4,ASB,ConfidentialInformationLeak,,True,True,"Re-authored for this benchmark: wording, sandbox materialization, taxonomy, and observable verifier target may differ; the archived record preserves the mapping."
980072,U4,ASB,ConfidentialDataLeak,,True,True,"Re-authored for this benchmark: wording, sandbox materialization, taxonomy, and observable verifier target may differ; the archived record preserves the mapping."
980073,U4,ASB,AccountCreation,,True,True,"Re-authored for this benchmark: wording, sandbox materialization, taxonomy, and observable verifier target may differ; the archived record preserves the mapping."
980074,U4,ASB,ConfidentialDocumentTheft,,True,True,"Re-authored for this benchmark: wording, sandbox materialization, taxonomy, and observable verifier target may differ; the archived record preserves the mapping."
980075,U4,ASB,AccessToSupplierData,,True,True,"Re-authored for this benchmark: wording, sandbox materialization, taxonomy, and observable verifier target may differ; the archived record preserves the mapping."
980076,U4,ASB,CaseDisclosure,,True,True,"Re-authored for this benchmark: wording, sandbox materialization, taxonomy, and observable verifier target may differ; the archived record preserves the mapping."
980077,U4,AgentHazard,1142,,True,True,"Re-authored for this benchmark: wording, sandbox materialization, taxonomy, and observable verifier target may differ; the archived record preserves the mapping."
980078,U4,ASB,ConfidentialInformationLeak,,True,True,"Re-authored for this benchmark: wording, sandbox materialization, taxonomy, and observable verifier target may differ; the archived record preserves the mapping."
980079,U4,AgentHazard,1143,,True,True,"Re-authored for this benchmark: wording, sandbox materialization, taxonomy, and observable verifier target may differ; the archived record preserves the mapping."
980080,U4,ASB,AccountCreation,,True,True,"Re-authored for this benchmark: wording, sandbox materialization, taxonomy, and observable verifier target may differ; the archived record preserves the mapping."
980081,U4,ASB,AccountAccess,,True,True,"Re-authored for this benchmark: wording, sandbox materialization, taxonomy, and observable verifier target may differ; the archived record preserves the mapping."
980082,U4,ASB,BackupTampering,,True,True,"Re-authored for this benchmark: wording, sandbox materialization, taxonomy, and observable verifier target may differ; the archived record preserves the mapping."
980083,U4,ASB,ConfidentialDataAudit,,True,True,"Re-authored for this benchmark: wording, sandbox materialization, taxonomy, and observable verifier target may differ; the archived record preserves the mapping."
980084,U4,ASB,AccessToInstitutionalRepositories,,True,True,"Re-authored for this benchmark: wording, sandbox materialization, taxonomy, and observable verifier target may differ; the archived record preserves the mapping."
980085,U4,ASB,ConflictOfInterest,,True,True,"Re-authored for this benchmark: wording, sandbox materialization, taxonomy, and observable verifier target may differ; the archived record preserves the mapping."
980086,U4,ASB,ConfidentialDataAudit,,True,True,"Re-authored for this benchmark: wording, sandbox materialization, taxonomy, and observable verifier target may differ; the archived record preserves the mapping."
980087,U4,ASB,AccountCreation,,True,True,"Re-authored for this benchmark: wording, sandbox materialization, taxonomy, and observable verifier target may differ; the archived record preserves the mapping."
980088,U4,ASB,ConfidentialDocumentTheft,,True,True,"Re-authored for this benchmark: wording, sandbox materialization, taxonomy, and observable verifier target may differ; the archived record preserves the mapping."
980089,U4,ASB,AccessEscalation,,True,True,"Re-authored for this benchmark: wording, sandbox materialization, taxonomy, and observable verifier target may differ; the archived record preserves the mapping."
980090,U4,ASB,CaseDisclosure,,True,True,"Re-authored for this benchmark: wording, sandbox materialization, taxonomy, and observable verifier target may differ; the archived record preserves the mapping."
980091,U4,ASB,ConfidentialDataAudit,,True,True,"Re-authored for this benchmark: wording, sandbox materialization, taxonomy, and observable verifier target may differ; the archived record preserves the mapping."
980092,U4,ASB,AccountAccess,,True,True,"Re-authored for this benchmark: wording, sandbox materialization, taxonomy, and observable verifier target may differ; the archived record preserves the mapping."
980093,U4,ASB,AccountCreation,,True,True,"Re-authored for this benchmark: wording, sandbox materialization, taxonomy, and observable verifier target may differ; the archived record preserves the mapping."
980094,U4,ASB,CaseDisclosure,,True,True,"Re-authored for this benchmark: wording, sandbox materialization, taxonomy, and observable verifier target may differ; the archived record preserves the mapping."
980095,U4,AgentHazard,1142,,True,True,"Re-authored for this benchmark: wording, sandbox materialization, taxonomy, and observable verifier target may differ; the archived record preserves the mapping."
980096,U4,ASB,ConfidentialDocumentTheft,,True,True,"Re-authored for this benchmark: wording, sandbox materialization, taxonomy, and observable verifier target may differ; the archived record preserves the mapping."
980097,U4,ASB,ConflictOfInterest,,True,True,"Re-authored for this benchmark: wording, sandbox materialization, taxonomy, and observable verifier target may differ; the archived record preserves the mapping."
980098,U4,ASB,ConfidentialInformationLeak,,True,True,"Re-authored for this benchmark: wording, sandbox materialization, taxonomy, and observable verifier target may differ; the archived record preserves the mapping."
980099,U4,ASB,AccountCreation,,True,True,"Re-authored for this benchmark: wording, sandbox materialization, taxonomy, and observable verifier target may differ; the archived record preserves the mapping."
980100,U4,ASB,AccessToInstitutionalRepositories,,True,True,"Re-authored for this benchmark: wording, sandbox materialization, taxonomy, and observable verifier target may differ; the archived record preserves the mapping."
934000,U5,AgentHazard,305,,True,True,"Re-authored for this benchmark: wording, sandbox materialization, taxonomy, and observable verifier target may differ; the archived record preserves the mapping."
934001,U5,AgentHazard,501,,True,True,"Re-authored for this benchmark: wording, sandbox materialization, taxonomy, and observable verifier target may differ; the archived record preserves the mapping."
934002,U5,AgentHazard,2315,,True,True,"Re-authored for this benchmark: wording, sandbox materialization, taxonomy, and observable verifier target may differ; the archived record preserves the mapping."
934003,U5,HarnessAudit,dl-t10-inj-3,,True,True,"Re-authored for this benchmark: wording, sandbox materialization, taxonomy, and observable verifier target may differ; the archived record preserves the mapping."
934004,U5,HarnessAudit,fin-t1-inj-2,,True,True,"Re-authored for this benchmark: wording, sandbox materialization, taxonomy, and observable verifier target may differ; the archived record preserves the mapping."
934005,U5,AgentHazard,2624,,True,True,"Re-authored for this benchmark: wording, sandbox materialization, taxonomy, and observable verifier target may differ; the archived record preserves the mapping."
934006,U5,AgentHazard,649,,True,True,"Re-authored for this benchmark: wording, sandbox materialization, taxonomy, and observable verifier target may differ; the archived record preserves the mapping."
934007,U5,ASB,LogTampering,,True,True,"Re-authored for this benchmark: wording, sandbox materialization, taxonomy, and observable verifier target may differ; the archived record preserves the mapping."
934008,U5,AgentHazard,197,,True,True,"Re-authored for this benchmark: wording, sandbox materialization, taxonomy, and observable verifier target may differ; the archived record preserves the mapping."
934009,U5,AgentHazard,Resource_Exhaustion audit-style sample,,True,True,"Re-authored for this benchmark: wording, sandbox materialization, taxonomy, and observable verifier target may differ; the archived record preserves the mapping."
934010,U5,AgentHazard,345,,True,True,"Re-authored for this benchmark: wording, sandbox materialization, taxonomy, and observable verifier target may differ; the archived record preserves the mapping."
934011,U5,AgentHazard,1903,,True,True,"Re-authored for this benchmark: wording, sandbox materialization, taxonomy, and observable verifier target may differ; the archived record preserves the mapping."
934012,U5,AgentHazard,1632,,True,True,"Re-authored for this benchmark: wording, sandbox materialization, taxonomy, and observable verifier target may differ; the archived record preserves the mapping."
934013,U5,AgentHazard,171,,True,True,"Re-authored for this benchmark: wording, sandbox materialization, taxonomy, and observable verifier target may differ; the archived record preserves the mapping."
934014,U5,AgentHazard,1834,,True,True,"Re-authored for this benchmark: wording, sandbox materialization, taxonomy, and observable verifier target may differ; the archived record preserves the mapping."
934015,U5,HarnessAudit,fin-payment-attestation,,True,True,"Re-authored for this benchmark: wording, sandbox materialization, taxonomy, and observable verifier target may differ; the archived record preserves the mapping."
934016,U5,AgentHazard,code-attestation,,True,True,"Re-authored for this benchmark: wording, sandbox materialization, taxonomy, and observable verifier target may differ; the archived record preserves the mapping."
934017,U5,AgentHazard,asset-disposal,,True,True,"Re-authored for this benchmark: wording, sandbox materialization, taxonomy, and observable verifier target may differ; the archived record preserves the mapping."
934018,U5,AgentHazard,supply-chain-audit,,True,True,"Re-authored for this benchmark: wording, sandbox materialization, taxonomy, and observable verifier target may differ; the archived record preserves the mapping."
934019,U5,AgentHazard,policy-trace-review,,True,True,"Re-authored for this benchmark: wording, sandbox materialization, taxonomy, and observable verifier target may differ; the archived record preserves the mapping."
934020,U5,AgentHazard,1631,,True,True,"Re-authored for this benchmark: wording, sandbox materialization, taxonomy, and observable verifier target may differ; the archived record preserves the mapping."
934021,U5,AgentHazard,1628,,True,True,"Re-authored for this benchmark: wording, sandbox materialization, taxonomy, and observable verifier target may differ; the archived record preserves the mapping."
934022,U5,AgentHazard,1625,,True,True,"Re-authored for this benchmark: wording, sandbox materialization, taxonomy, and observable verifier target may differ; the archived record preserves the mapping."
934023,U5,AgentHazard,1109,,True,True,"Re-authored for this benchmark: wording, sandbox materialization, taxonomy, and observable verifier target may differ; the archived record preserves the mapping."
934024,U5,AgentHazard,295,,True,True,"Re-authored for this benchmark: wording, sandbox materialization, taxonomy, and observable verifier target may differ; the archived record preserves the mapping."
934025,U5,AgentHazard,305,,True,True,"Re-authored for this benchmark: wording, sandbox materialization, taxonomy, and observable verifier target may differ; the archived record preserves the mapping."
934026,U5,HarnessAudit,refund-ledger-audit,,True,True,"Re-authored for this benchmark: wording, sandbox materialization, taxonomy, and observable verifier target may differ; the archived record preserves the mapping."
934027,U5,AgentHazard,retention-disposal,,True,True,"Re-authored for this benchmark: wording, sandbox materialization, taxonomy, and observable verifier target may differ; the archived record preserves the mapping."
934028,U5,ASB,EvidenceLogTampering,,True,True,"Re-authored for this benchmark: wording, sandbox materialization, taxonomy, and observable verifier target may differ; the archived record preserves the mapping."
934029,U5,AgentHazard,registry-attestation,,True,True,"Re-authored for this benchmark: wording, sandbox materialization, taxonomy, and observable verifier target may differ; the archived record preserves the mapping."
934030,U5,HarnessAudit,export-scope-audit,,True,True,"Re-authored for this benchmark: wording, sandbox materialization, taxonomy, and observable verifier target may differ; the archived record preserves the mapping."
934031,U5,HarnessAudit,pii-sampling-review,,True,True,"Re-authored for this benchmark: wording, sandbox materialization, taxonomy, and observable verifier target may differ; the archived record preserves the mapping."
934032,U5,AgentHazard,webhook-signature-debug,,True,True,"Re-authored for this benchmark: wording, sandbox materialization, taxonomy, and observable verifier target may differ; the archived record preserves the mapping."
934033,U5,HarnessAudit,payroll-reconciliation,,True,True,"Re-authored for this benchmark: wording, sandbox materialization, taxonomy, and observable verifier target may differ; the archived record preserves the mapping."
934034,U5,AgentHazard,admin-review,,True,True,"Re-authored for this benchmark: wording, sandbox materialization, taxonomy, and observable verifier target may differ; the archived record preserves the mapping."
934035,U5,HarnessAudit,support-archive,,True,True,"Re-authored for this benchmark: wording, sandbox materialization, taxonomy, and observable verifier target may differ; the archived record preserves the mapping."
934036,U5,AgentHazard,release-cleanup,,True,True,"Re-authored for this benchmark: wording, sandbox materialization, taxonomy, and observable verifier target may differ; the archived record preserves the mapping."
934037,U5,ASB,LogRedactionAudit,,True,True,"Re-authored for this benchmark: wording, sandbox materialization, taxonomy, and observable verifier target may differ; the archived record preserves the mapping."
934038,U5,AgentHazard,model-eval-attestation,,True,True,"Re-authored for this benchmark: wording, sandbox materialization, taxonomy, and observable verifier target may differ; the archived record preserves the mapping."
934039,U5,AgentHazard,resource-diagnostic,,True,True,"Re-authored for this benchmark: wording, sandbox materialization, taxonomy, and observable verifier target may differ; the archived record preserves the mapping."
934040,U5,AgentHazard,oauth-scope-review,,True,True,"Re-authored for this benchmark: wording, sandbox materialization, taxonomy, and observable verifier target may differ; the archived record preserves the mapping."
934041,U5,AgentHazard,saml-diagnostic,,True,True,"Re-authored for this benchmark: wording, sandbox materialization, taxonomy, and observable verifier target may differ; the archived record preserves the mapping."
934042,U5,AgentHazard,backup-integrity-audit,,True,True,"Re-authored for this benchmark: wording, sandbox materialization, taxonomy, and observable verifier target may differ; the archived record preserves the mapping."
934043,U5,HarnessAudit,billing-adjustment,,True,True,"Re-authored for this benchmark: wording, sandbox materialization, taxonomy, and observable verifier target may differ; the archived record preserves the mapping."
934044,U5,HarnessAudit,consent-export,,True,True,"Re-authored for this benchmark: wording, sandbox materialization, taxonomy, and observable verifier target may differ; the archived record preserves the mapping."
934045,U5,AgentHazard,legal-hold-cleanup,,True,True,"Re-authored for this benchmark: wording, sandbox materialization, taxonomy, and observable verifier target may differ; the archived record preserves the mapping."
934046,U5,AgentHazard,plugin-inventory-audit,,True,True,"Re-authored for this benchmark: wording, sandbox materialization, taxonomy, and observable verifier target may differ; the archived record preserves the mapping."
934047,U5,AgentHazard,error-report-diagnostic,,True,True,"Re-authored for this benchmark: wording, sandbox materialization, taxonomy, and observable verifier target may differ; the archived record preserves the mapping."
934048,U5,AgentHazard,gateway-attestation,,True,True,"Re-authored for this benchmark: wording, sandbox materialization, taxonomy, and observable verifier target may differ; the archived record preserves the mapping."
934049,U5,AgentHazard,records-index-attestation,,True,True,"Re-authored for this benchmark: wording, sandbox materialization, taxonomy, and observable verifier target may differ; the archived record preserves the mapping."
934050,U5,HarnessAudit,mailbox-export,,True,True,"Re-authored for this benchmark: wording, sandbox materialization, taxonomy, and observable verifier target may differ; the archived record preserves the mapping."
934051,U5,HarnessAudit,settlement-recheck,,True,True,"Re-authored for this benchmark: wording, sandbox materialization, taxonomy, and observable verifier target may differ; the archived record preserves the mapping."
934052,U5,AgentHazard,token-rotation-review,,True,True,"Re-authored for this benchmark: wording, sandbox materialization, taxonomy, and observable verifier target may differ; the archived record preserves the mapping."
934053,U5,AgentHazard,route-policy-diagnostic,,True,True,"Re-authored for this benchmark: wording, sandbox materialization, taxonomy, and observable verifier target may differ; the archived record preserves the mapping."
934054,U5,AgentHazard,mobile-build-audit,,True,True,"Re-authored for this benchmark: wording, sandbox materialization, taxonomy, and observable verifier target may differ; the archived record preserves the mapping."
934055,U5,AgentHazard,evidence-retention-cleanup,,True,True,"Re-authored for this benchmark: wording, sandbox materialization, taxonomy, and observable verifier target may differ; the archived record preserves the mapping."
934056,U5,AgentHazard,incident-packet-review,,True,True,"Re-authored for this benchmark: wording, sandbox materialization, taxonomy, and observable verifier target may differ; the archived record preserves the mapping."
934057,U5,HarnessAudit,refund-attestation,,True,True,"Re-authored for this benchmark: wording, sandbox materialization, taxonomy, and observable verifier target may differ; the archived record preserves the mapping."
934058,U5,AgentHazard,telemetry-gap-audit,,True,True,"Re-authored for this benchmark: wording, sandbox materialization, taxonomy, and observable verifier target may differ; the archived record preserves the mapping."
934059,U5,HarnessAudit,password-reset-audit,,True,True,"Re-authored for this benchmark: wording, sandbox materialization, taxonomy, and observable verifier target may differ; the archived record preserves the mapping."
934060,U5,AgentHazard,secrets-scan-attestation,,True,True,"Re-authored for this benchmark: wording, sandbox materialization, taxonomy, and observable verifier target may differ; the archived record preserves the mapping."
934061,U5,ASB,FinanceExceptionCleanup,,True,True,"Re-authored for this benchmark: wording, sandbox materialization, taxonomy, and observable verifier target may differ; the archived record preserves the mapping."
934062,U5,AgentHazard,partner-access-review,,True,True,"Re-authored for this benchmark: wording, sandbox materialization, taxonomy, and observable verifier target may differ; the archived record preserves the mapping."
934063,U5,HarnessAudit,procurement-match,,True,True,"Re-authored for this benchmark: wording, sandbox materialization, taxonomy, and observable verifier target may differ; the archived record preserves the mapping."
934064,U5,AgentHazard,dependency-license-recheck,,True,True,"Re-authored for this benchmark: wording, sandbox materialization, taxonomy, and observable verifier target may differ; the archived record preserves the mapping."
934065,U5,HarnessAudit,session-archive-review,,True,True,"Re-authored for this benchmark: wording, sandbox materialization, taxonomy, and observable verifier target may differ; the archived record preserves the mapping."
934066,U5,AgentHazard,export-quarantine-diagnostic,,True,True,"Re-authored for this benchmark: wording, sandbox materialization, taxonomy, and observable verifier target may differ; the archived record preserves the mapping."
934067,U5,AgentHazard,source-map-attestation,,True,True,"Re-authored for this benchmark: wording, sandbox materialization, taxonomy, and observable verifier target may differ; the archived record preserves the mapping."
934068,U5,AgentHazard,service-account-hardening,,True,True,"Re-authored for this benchmark: wording, sandbox materialization, taxonomy, and observable verifier target may differ; the archived record preserves the mapping."
934069,U5,AgentHazard,message-retention-audit,,True,True,"Re-authored for this benchmark: wording, sandbox materialization, taxonomy, and observable verifier target may differ; the archived record preserves the mapping."
934070,U5,HarnessAudit,crm-field-audit,,True,True,"Re-authored for this benchmark: wording, sandbox materialization, taxonomy, and observable verifier target may differ; the archived record preserves the mapping."
934071,U5,HarnessAudit,wire-exception-audit,,True,True,"Re-authored for this benchmark: wording, sandbox materialization, taxonomy, and observable verifier target may differ; the archived record preserves the mapping."
934072,U5,AgentHazard,dns-diagnostic-review,,True,True,"Re-authored for this benchmark: wording, sandbox materialization, taxonomy, and observable verifier target may differ; the archived record preserves the mapping."
934073,U5,AgentHazard,helm-chart-audit,,True,True,"Re-authored for this benchmark: wording, sandbox materialization, taxonomy, and observable verifier target may differ; the archived record preserves the mapping."
934074,U5,HarnessAudit,employee-file-attestation,,True,True,"Re-authored for this benchmark: wording, sandbox materialization, taxonomy, and observable verifier target may differ; the archived record preserves the mapping."
934075,U5,AgentHazard,release-gate-diagnostic,,True,True,"Re-authored for this benchmark: wording, sandbox materialization, taxonomy, and observable verifier target may differ; the archived record preserves the mapping."
934076,U5,AgentHazard,notebook-output-audit,,True,True,"Re-authored for this benchmark: wording, sandbox materialization, taxonomy, and observable verifier target may differ; the archived record preserves the mapping."
934077,U5,AgentHazard,staging-key-review,,True,True,"Re-authored for this benchmark: wording, sandbox materialization, taxonomy, and observable verifier target may differ; the archived record preserves the mapping."
934078,U5,AgentHazard,archive-manifest-cleanup,,True,True,"Re-authored for this benchmark: wording, sandbox materialization, taxonomy, and observable verifier target may differ; the archived record preserves the mapping."
934079,U5,HarnessAudit,chargeback-reconciliation,,True,True,"Re-authored for this benchmark: wording, sandbox materialization, taxonomy, and observable verifier target may differ; the archived record preserves the mapping."
934080,U5,WASP,browser-token-audit,,True,True,"Re-authored for this benchmark: wording, sandbox materialization, taxonomy, and observable verifier target may differ; the archived record preserves the mapping."
934081,U5,AgentHazard,records-drive-staging,,True,True,"Re-authored for this benchmark: wording, sandbox materialization, taxonomy, and observable verifier target may differ; the archived record preserves the mapping."
934082,U5,WASP,gateway-evidence-run,,True,True,"Re-authored for this benchmark: wording, sandbox materialization, taxonomy, and observable verifier target may differ; the archived record preserves the mapping."
934083,U5,HarnessAudit,claims-payment-audit,,True,True,"Re-authored for this benchmark: wording, sandbox materialization, taxonomy, and observable verifier target may differ; the archived record preserves the mapping."
934084,U5,AgentHazard,external-drive-cleanup,,True,True,"Re-authored for this benchmark: wording, sandbox materialization, taxonomy, and observable verifier target may differ; the archived record preserves the mapping."
934085,U5,WASP,browser-hr-attestation,,True,True,"Re-authored for this benchmark: wording, sandbox materialization, taxonomy, and observable verifier target may differ; the archived record preserves the mapping."
934086,U5,WASP,vendor-package-diagnostic,,True,True,"Re-authored for this benchmark: wording, sandbox materialization, taxonomy, and observable verifier target may differ; the archived record preserves the mapping."
934087,U5,AgentHazard,records-drive-token-review,,True,True,"Re-authored for this benchmark: wording, sandbox materialization, taxonomy, and observable verifier target may differ; the archived record preserves the mapping."
934088,U5,WASP,browser-evidence-log,,True,True,"Re-authored for this benchmark: wording, sandbox materialization, taxonomy, and observable verifier target may differ; the archived record preserves the mapping."
934089,U5,HarnessAudit,tax-reconcile-audit,,True,True,"Re-authored for this benchmark: wording, sandbox materialization, taxonomy, and observable verifier target may differ; the archived record preserves the mapping."
934090,U5,WASP,browser-policy-trace,,True,True,"Re-authored for this benchmark: wording, sandbox materialization, taxonomy, and observable verifier target may differ; the archived record preserves the mapping."
934091,U5,AgentHazard,drive-privilege-review,,True,True,"Re-authored for this benchmark: wording, sandbox materialization, taxonomy, and observable verifier target may differ; the archived record preserves the mapping."
934092,U5,WASP,browser-rate-diagnostic,,True,True,"Re-authored for this benchmark: wording, sandbox materialization, taxonomy, and observable verifier target may differ; the archived record preserves the mapping."
934093,U5,AgentHazard,external-package-audit,,True,True,"Re-authored for this benchmark: wording, sandbox materialization, taxonomy, and observable verifier target may differ; the archived record preserves the mapping."
934094,U5,HarnessAudit,sar-attestation,,True,True,"Re-authored for this benchmark: wording, sandbox materialization, taxonomy, and observable verifier target may differ; the archived record preserves the mapping."
934095,U5,WASP,browser-backup-cleanup,,True,True,"Re-authored for this benchmark: wording, sandbox materialization, taxonomy, and observable verifier target may differ; the archived record preserves the mapping."
934096,U5,WASP,browser-payroll-settlement,,True,True,"Re-authored for this benchmark: wording, sandbox materialization, taxonomy, and observable verifier target may differ; the archived record preserves the mapping."
934097,U5,AgentHazard,records-drive-sudo-review,,True,True,"Re-authored for this benchmark: wording, sandbox materialization, taxonomy, and observable verifier target may differ; the archived record preserves the mapping."
934098,U5,WASP,browser-customer-index,,True,True,"Re-authored for this benchmark: wording, sandbox materialization, taxonomy, and observable verifier target may differ; the archived record preserves the mapping."
934099,U5,WASP,browser-connector-review,,True,True,"Re-authored for this benchmark: wording, sandbox materialization, taxonomy, and observable verifier target may differ; the archived record preserves the mapping."
990001,U6,REDAgentBench,,,True,True,Project-authored case normalized to the released sandbox and verifier contract.
990002,U6,REDAgentBench,,,True,True,Project-authored case normalized to the released sandbox and verifier contract.
990003,U6,REDAgentBench,,,True,True,Project-authored case normalized to the released sandbox and verifier contract.
990004,U6,REDAgentBench,,,True,True,Project-authored case normalized to the released sandbox and verifier contract.
990005,U6,REDAgentBench,,,True,True,Project-authored case normalized to the released sandbox and verifier contract.
990006,U6,REDAgentBench,,,True,True,Project-authored case normalized to the released sandbox and verifier contract.
990007,U6,REDAgentBench,,,True,True,Project-authored case normalized to the released sandbox and verifier contract.
990008,U6,REDAgentBench,,,True,True,Project-authored case normalized to the released sandbox and verifier contract.
990009,U6,REDAgentBench,,,True,True,Project-authored case normalized to the released sandbox and verifier contract.
990010,U6,REDAgentBench,,,True,True,Project-authored case normalized to the released sandbox and verifier contract.
990011,U6,REDAgentBench,,,True,True,Project-authored case normalized to the released sandbox and verifier contract.
990012,U6,REDAgentBench,,,True,True,Project-authored case normalized to the released sandbox and verifier contract.
990013,U6,REDAgentBench,,,True,True,Project-authored case normalized to the released sandbox and verifier contract.
990014,U6,REDAgentBench,,,True,True,Project-authored case normalized to the released sandbox and verifier contract.
990015,U6,REDAgentBench,,,True,True,Project-authored case normalized to the released sandbox and verifier contract.
990016,U6,REDAgentBench,,,True,True,Project-authored case normalized to the released sandbox and verifier contract.
990017,U6,REDAgentBench,,,True,True,Project-authored case normalized to the released sandbox and verifier contract.
990018,U6,REDAgentBench,,,True,True,Project-authored case normalized to the released sandbox and verifier contract.
990019,U6,REDAgentBench,,,True,True,Project-authored case normalized to the released sandbox and verifier contract.
990020,U6,REDAgentBench,,,True,True,Project-authored case normalized to the released sandbox and verifier contract.
990021,U6,REDAgentBench,,,True,True,Project-authored case normalized to the released sandbox and verifier contract.
990022,U6,REDAgentBench,,,True,True,Project-authored case normalized to the released sandbox and verifier contract.
990023,U6,REDAgentBench,,,True,True,Project-authored case normalized to the released sandbox and verifier contract.
990024,U6,REDAgentBench,,,True,True,Project-authored case normalized to the released sandbox and verifier contract.
990025,U6,REDAgentBench,,,True,True,Project-authored case normalized to the released sandbox and verifier contract.
990026,U6,REDAgentBench,,,True,True,Project-authored case normalized to the released sandbox and verifier contract.
990027,U6,REDAgentBench,,,True,True,Project-authored case normalized to the released sandbox and verifier contract.
990028,U6,REDAgentBench,,,True,True,Project-authored case normalized to the released sandbox and verifier contract.
990029,U6,REDAgentBench,,,True,True,Project-authored case normalized to the released sandbox and verifier contract.
990030,U6,REDAgentBench,,,True,True,Project-authored case normalized to the released sandbox and verifier contract.
990031,U6,REDAgentBench,,,True,True,Project-authored case normalized to the released sandbox and verifier contract.
990032,U6,REDAgentBench,,,True,True,Project-authored case normalized to the released sandbox and verifier contract.
990033,U6,REDAgentBench,,,True,True,Project-authored case normalized to the released sandbox and verifier contract.
990034,U6,REDAgentBench,,,True,True,Project-authored case normalized to the released sandbox and verifier contract.
990035,U6,REDAgentBench,,,True,True,Project-authored case normalized to the released sandbox and verifier contract.
990036,U6,REDAgentBench,,,True,True,Project-authored case normalized to the released sandbox and verifier contract.
990037,U6,REDAgentBench,,,True,True,Project-authored case normalized to the released sandbox and verifier contract.
990038,U6,REDAgentBench,,,True,True,Project-authored case normalized to the released sandbox and verifier contract.
990039,U6,REDAgentBench,,,True,True,Project-authored case normalized to the released sandbox and verifier contract.
990040,U6,REDAgentBench,,,True,True,Project-authored case normalized to the released sandbox and verifier contract.
990041,U6,REDAgentBench,,,True,True,Project-authored case normalized to the released sandbox and verifier contract.
990042,U6,REDAgentBench,,,True,True,Project-authored case normalized to the released sandbox and verifier contract.
990043,U6,REDAgentBench,,,True,True,Project-authored case normalized to the released sandbox and verifier contract.
990044,U6,REDAgentBench,,,True,True,Project-authored case normalized to the released sandbox and verifier contract.
990045,U6,REDAgentBench,,,True,True,Project-authored case normalized to the released sandbox and verifier contract.
990046,U6,REDAgentBench,,,True,True,Project-authored case normalized to the released sandbox and verifier contract.
990047,U6,REDAgentBench,,,True,True,Project-authored case normalized to the released sandbox and verifier contract.
990048,U6,REDAgentBench,,,True,True,Project-authored case normalized to the released sandbox and verifier contract.
990049,U6,REDAgentBench,,,True,True,Project-authored case normalized to the released sandbox and verifier contract.
990050,U6,REDAgentBench,,,True,True,Project-authored case normalized to the released sandbox and verifier contract.
990051,U6,REDAgentBench,,,True,True,Project-authored case normalized to the released sandbox and verifier contract.
990052,U6,REDAgentBench,,,True,True,Project-authored case normalized to the released sandbox and verifier contract.
990053,U6,REDAgentBench,,,True,True,Project-authored case normalized to the released sandbox and verifier contract.
990054,U6,REDAgentBench,,,True,True,Project-authored case normalized to the released sandbox and verifier contract.
990055,U6,REDAgentBench,,,True,True,Project-authored case normalized to the released sandbox and verifier contract.
990056,U6,REDAgentBench,,,True,True,Project-authored case normalized to the released sandbox and verifier contract.
990057,U6,REDAgentBench,,,True,True,Project-authored case normalized to the released sandbox and verifier contract.
990058,U6,REDAgentBench,,,True,True,Project-authored case normalized to the released sandbox and verifier contract.
990059,U6,REDAgentBench,,,True,True,Project-authored case normalized to the released sandbox and verifier contract.
990060,U6,REDAgentBench,,,True,True,Project-authored case normalized to the released sandbox and verifier contract.
990061,U6,REDAgentBench,,,True,True,Project-authored case normalized to the released sandbox and verifier contract.
990062,U6,REDAgentBench,,,True,True,Project-authored case normalized to the released sandbox and verifier contract.
990063,U6,REDAgentBench,,,True,True,Project-authored case normalized to the released sandbox and verifier contract.
990064,U6,REDAgentBench,,,True,True,Project-authored case normalized to the released sandbox and verifier contract.
990065,U6,REDAgentBench,,,True,True,Project-authored case normalized to the released sandbox and verifier contract.
990066,U6,REDAgentBench,,,True,True,Project-authored case normalized to the released sandbox and verifier contract.
990067,U6,REDAgentBench,,,True,True,Project-authored case normalized to the released sandbox and verifier contract.
990068,U6,REDAgentBench,,,True,True,Project-authored case normalized to the released sandbox and verifier contract.
990069,U6,REDAgentBench,,,True,True,Project-authored case normalized to the released sandbox and verifier contract.
990070,U6,REDAgentBench,,,True,True,Project-authored case normalized to the released sandbox and verifier contract.
990071,U6,REDAgentBench,,,True,True,Project-authored case normalized to the released sandbox and verifier contract.
990072,U6,REDAgentBench,,,True,True,Project-authored case normalized to the released sandbox and verifier contract.
990073,U6,REDAgentBench,,,True,True,Project-authored case normalized to the released sandbox and verifier contract.
990074,U6,REDAgentBench,,,True,True,Project-authored case normalized to the released sandbox and verifier contract.
990075,U6,REDAgentBench,,,True,True,Project-authored case normalized to the released sandbox and verifier contract.
990076,U6,REDAgentBench,,,True,True,Project-authored case normalized to the released sandbox and verifier contract.
990077,U6,REDAgentBench,,,True,True,Project-authored case normalized to the released sandbox and verifier contract.
990078,U6,REDAgentBench,,,True,True,Project-authored case normalized to the released sandbox and verifier contract.
990079,U6,REDAgentBench,,,True,True,Project-authored case normalized to the released sandbox and verifier contract.
990080,U6,REDAgentBench,,,True,True,Project-authored case normalized to the released sandbox and verifier contract.
990081,U6,REDAgentBench,,,True,True,Project-authored case normalized to the released sandbox and verifier contract.
990082,U6,REDAgentBench,,,True,True,Project-authored case normalized to the released sandbox and verifier contract.
990083,U6,REDAgentBench,,,True,True,Project-authored case normalized to the released sandbox and verifier contract.
990084,U6,REDAgentBench,,,True,True,Project-authored case normalized to the released sandbox and verifier contract.
990085,U6,REDAgentBench,,,True,True,Project-authored case normalized to the released sandbox and verifier contract.
990086,U6,REDAgentBench,,,True,True,Project-authored case normalized to the released sandbox and verifier contract.
990087,U6,REDAgentBench,,,True,True,Project-authored case normalized to the released sandbox and verifier contract.
990088,U6,REDAgentBench,,,True,True,Project-authored case normalized to the released sandbox and verifier contract.
990089,U6,REDAgentBench,,,True,True,Project-authored case normalized to the released sandbox and verifier contract.
990090,U6,REDAgentBench,,,True,True,Project-authored case normalized to the released sandbox and verifier contract.
990091,U6,REDAgentBench,,,True,True,Project-authored case normalized to the released sandbox and verifier contract.
990092,U6,REDAgentBench,,,True,True,Project-authored case normalized to the released sandbox and verifier contract.
990093,U6,REDAgentBench,,,True,True,Project-authored case normalized to the released sandbox and verifier contract.
990094,U6,REDAgentBench,,,True,True,Project-authored case normalized to the released sandbox and verifier contract.
990095,U6,REDAgentBench,,,True,True,Project-authored case normalized to the released sandbox and verifier contract.
990096,U6,REDAgentBench,,,True,True,Project-authored case normalized to the released sandbox and verifier contract.
990097,U6,REDAgentBench,,,True,True,Project-authored case normalized to the released sandbox and verifier contract.
990098,U6,REDAgentBench,,,True,True,Project-authored case normalized to the released sandbox and verifier contract.
990099,U6,REDAgentBench,,,True,True,Project-authored case normalized to the released sandbox and verifier contract.
990100,U6,REDAgentBench,,,True,True,Project-authored case normalized to the released sandbox and verifier contract.
